# Blender 4.3.2
# www.blender.org
mtllib dust2_collision.mtl
o poles
v 35.899998 -1.968372 -42.436520
v 35.899998 4.487789 -42.436520
v 35.899998 -1.968372 -42.636356
v 35.899998 4.487789 -42.636356
v 36.099834 -1.968372 -42.436520
v 36.099834 4.487789 -42.436520
v 36.099834 -1.968372 -42.636356
v 36.099834 4.487789 -42.636356
v 44.876389 -1.962378 -42.437302
v 44.876389 4.422604 -42.437302
v 44.876389 -1.962378 -42.635574
v 44.876389 4.422604 -42.635574
v 45.074661 -1.962378 -42.437302
v 45.074661 4.422604 -42.437302
v 45.074661 -1.962378 -42.635574
v 45.074661 4.422604 -42.635574
v 29.753515 1.146290 -42.436440
v 29.753515 4.487790 -42.436440
v 29.753515 1.146290 -42.636436
v 29.753515 4.487790 -42.636436
v 29.953516 1.146290 -42.436440
v 29.953516 4.487790 -42.436440
v 29.953516 1.146290 -42.636436
v 29.953516 4.487790 -42.636436
v 17.655920 1.120582 -36.192543
v 17.655920 4.487790 -36.192543
v 17.655920 1.120582 -36.392540
v 17.655920 4.487790 -36.392540
v 17.855921 1.120582 -36.192543
v 17.855921 4.487790 -36.192543
v 17.855921 1.120582 -36.392540
v 17.855921 4.487790 -36.392540
v -30.241327 3.219483 17.070637
v -30.241327 1.851174 17.070637
v -30.241327 3.219483 17.270638
v -30.241327 1.851174 17.270638
v -30.441328 3.219483 17.070637
v -30.441328 1.851174 17.070637
v -30.441328 3.219483 17.270638
v -30.441328 1.851174 17.270638
v -38.929127 1.941619 17.270638
v -38.929127 3.219483 17.270638
v -38.929127 1.941619 17.070637
v -38.929127 3.219483 17.070637
v -38.729126 1.941619 17.270638
v -38.729126 3.219483 17.270638
v -38.729126 1.941619 17.070637
v -38.729126 3.219483 17.070637
v -38.729126 3.219484 29.168127
v -38.729126 1.851174 29.168127
v -38.729126 3.219484 29.368128
v -38.729126 1.851174 29.368128
v -38.929127 3.219484 29.168127
v -38.929127 1.851174 29.168127
v -38.929127 3.219484 29.368128
v -38.929127 1.851174 29.368128
v 15.509619 -2.051172 7.807214
v 15.509619 2.536377 7.807215
v 15.509619 -2.051172 7.607214
v 15.509619 2.536377 7.607215
v 15.709620 -2.051172 7.807214
v 15.709620 2.536377 7.807215
v 15.709620 -2.051172 7.607214
v 15.709620 2.536377 7.607215
vn -1.0000 -0.0000 -0.0000
vn -0.0000 -0.0000 -1.0000
vn 1.0000 -0.0000 -0.0000
vn -0.0000 -0.0000 1.0000
vn -0.0000 1.0000 -0.0000
vn -0.0000 -1.0000 -0.0000
s 0
usemtl metal
f 1//1 2//1 4//1 3//1
f 3//2 4//2 8//2 7//2
f 7//3 8//3 6//3 5//3
f 5//4 6//4 2//4 1//4
f 8//5 4//5 2//5 6//5
f 9//1 10//1 12//1 11//1
f 11//2 12//2 16//2 15//2
f 15//3 16//3 14//3 13//3
f 13//4 14//4 10//4 9//4
f 16//5 12//5 10//5 14//5
f 17//1 18//1 20//1 19//1
f 19//2 20//2 24//2 23//2
f 23//3 24//3 22//3 21//3
f 21//4 22//4 18//4 17//4
f 19//6 23//6 21//6 17//6
f 24//5 20//5 18//5 22//5
f 25//1 26//1 28//1 27//1
f 27//2 28//2 32//2 31//2
f 31//3 32//3 30//3 29//3
f 29//4 30//4 26//4 25//4
f 32//5 28//5 26//5 30//5
f 36//4 35//4 39//4 40//4
f 34//3 33//3 35//3 36//3
f 38//2 37//2 33//2 34//2
f 40//1 39//1 37//1 38//1
f 33//5 37//5 39//5 35//5
f 41//1 42//1 44//1 43//1
f 43//2 44//2 48//2 47//2
f 47//3 48//3 46//3 45//3
f 45//4 46//4 42//4 41//4
f 48//5 44//5 42//5 46//5
f 49//5 53//5 55//5 51//5
f 52//4 51//4 55//4 56//4
f 50//3 49//3 51//3 52//3
f 54//2 53//2 49//2 50//2
f 56//1 55//1 53//1 54//1
f 57//1 58//1 60//1 59//1
f 59//2 60//2 64//2 63//2
f 63//3 64//3 62//3 61//3
f 61//4 62//4 58//4 57//4
f 64//5 60//5 58//5 62//5
o sky
v -50.341309 -9.446644 51.306091
v -50.341309 25.674938 51.306087
v 51.511963 -10.536382 -61.072998
v 51.511963 24.585201 -61.072998
v -1.924296 25.674938 51.306087
v -1.924296 -9.446644 51.306091
v 51.511963 -10.536376 9.119339
v 51.511963 24.585205 9.119336
v -50.341309 -9.446644 -12.682860
v -50.341309 25.674938 -12.682863
v -57.755859 -9.446644 -42.350586
v -57.755859 25.674938 -42.350590
v -57.755859 -9.446644 -78.243896
v -57.755859 25.674938 -78.243896
v -35.902344 -9.446644 -78.243896
v -35.902344 25.674938 -78.243896
v -25.259277 -9.446644 -66.536377
v -25.259277 25.674938 -66.536377
v -20.292480 -9.446644 -64.195068
v -20.292480 25.674938 -64.195068
v -7.755859 -9.446644 -64.195068
v -7.755859 25.674938 -64.195068
v 4.682861 -9.446644 -61.072998
v 4.682861 25.674940 -61.073002
v 51.511963 24.585201 -61.072998
v 4.682861 25.674940 -61.073002
v 4.682861 6.634032 -61.072998
v 51.511963 6.634028 -61.072998
vn -0.8988 -0.0000 -0.4383
vn -0.9010 -0.0000 -0.4339
vn -0.3296 -0.0000 -0.9441
vn -0.3263 -0.0000 -0.9453
vn 0.7071 -0.0000 -0.7071
vn -1.0000 -0.0000 -0.0000
vn 0.9925 -0.0000 -0.1221
vn 0.7071 -0.0000 0.7071
vn -0.4046 -0.0000 0.9145
vn -0.5946 -0.0000 0.8040
vn -0.2185 -0.0000 0.9758
vn -0.1226 -0.0000 0.9925
vn -0.2434 -0.0000 0.9699
vn -0.0000 -0.0000 1.0000
s 1
usemtl metal
f 72//7 71//8 70//9 69//10
f 69//10 70//9 65//11 66//11
f 68//12 67//12 71//8 72//7
f 66//11 65//11 73//13 74//13
f 74//13 73//13 75//13 76//13
f 76//13 75//13 77//14 78//14
f 78//14 77//14 79//15 80//15
f 80//15 79//15 81//16 82//16
f 82//16 81//16 83//17 84//17
f 84//17 83//17 85//18 86//18
f 86//18 85//18 87//19 88//19
f 91//20 92//20 89//20 90//20
o objects
v 12.682861 -2.341313 -47.804688
v 12.634033 -2.341313 -47.609619
v 12.536377 -2.341313 -47.609619
v 12.634033 -3.609622 -47.609619
v 12.536377 -3.609622 -47.609619
v 12.487793 -2.341313 -47.804688
v 12.682861 -3.609622 -47.804688
v 12.487793 -3.609622 -47.804688
v 36.097412 -3.121825 10.292480
v 36.097412 -4.390136 10.292480
v 35.902344 -4.390136 10.438965
v 35.902344 -3.121825 10.438965
v 35.902344 -3.121825 10.243896
v 36.097412 -4.390136 10.390137
v 36.097412 -3.121825 10.390137
v 35.902344 -4.390136 10.243896
v -43.609619 0.926757 -14.243896
v -43.792480 0.926757 -14.243896
v -43.658447 0.926757 -14.438965
v -43.743896 0.926757 -14.438965
v -43.609619 2.195066 -14.243896
v -43.792480 2.195067 -14.243896
v -43.658447 2.195067 -14.438965
v -43.743896 2.195067 -14.438965
v -21.414551 2.195067 -12.390137
v -21.560791 2.195067 -12.243896
v -21.658447 2.195067 -12.414551
v -21.585205 2.195067 -12.487793
v -21.585205 0.926757 -12.487793
v -21.658447 0.926757 -12.414551
v -21.560791 0.926757 -12.243896
v -21.414551 0.926757 -12.390137
v 17.365723 0.780273 1.316895
v 17.365723 0.780273 1.414551
v 17.170654 0.780273 1.268066
v 17.170654 0.780273 1.463379
v 17.365723 0.780273 1.414551
v 17.365723 -0.487793 1.414551
v 17.365723 -0.487793 1.316895
v 17.170654 -0.487793 1.268066
v 17.170654 0.780273 1.268066
v 17.170654 0.780273 1.463379
v 17.170654 -0.487793 1.463379
v 17.365723 0.780273 1.316895
v 17.365723 -0.487793 1.316895
v 17.170654 -0.487793 1.268066
v -18.048584 -2.975588 -23.609619
v -18.243896 -2.975588 -23.609619
v -18.097412 -2.975588 -23.414551
v -18.195068 -2.975588 -23.414551
v -18.048584 -1.707277 -23.609619
v -18.243896 -1.707277 -23.609619
v -18.097412 -1.707277 -23.414551
v -18.195068 -1.707277 -23.414551
vn 0.7414 0.6449 0.1856
vn -0.7413 0.6452 0.1846
vn -0.4966 0.5913 0.6354
vn 0.4962 0.5914 0.6357
vn -0.4966 -0.5913 0.6354
vn 0.4962 -0.5914 0.6357
vn 0.7414 -0.6449 0.1856
vn -0.7413 -0.6452 0.1846
vn 0.6357 0.5914 0.4962
vn 0.6354 0.5913 -0.4966
vn 0.1846 0.6452 -0.7413
vn 0.1856 0.6449 0.7414
vn 0.6357 -0.5914 0.4962
vn 0.6354 -0.5913 -0.4966
vn 0.1846 -0.6452 -0.7413
vn 0.1856 -0.6449 0.7414
vn -0.0000 -1.0000 -0.0000
vn -0.0000 1.0000 -0.0000
vn -0.9704 -0.0000 -0.2417
vn -0.0000 -0.0000 1.0000
vn 0.9701 -0.0000 -0.2428
vn -0.0000 -0.0000 -1.0000
vn -0.7071 -0.0000 -0.7071
vn -0.8679 -0.0000 0.4967
vn 0.4967 -0.0000 -0.8679
vn 0.7071 -0.0000 0.7071
vn 1.0000 -0.0000 -0.0000
vn 0.7869 -0.0000 -0.6171
vn 0.8290 0.5593 -0.0000
vn 0.1911 0.6171 0.7633
vn 0.2428 -0.0000 0.9701
vn 0.6782 -0.2690 0.6839
vn 0.2428 -0.0000 -0.9701
vn -0.0000 -0.8290 0.5593
vn -0.5987 -0.7869 0.1499
vn -0.2817 -0.8281 -0.4847
vn -0.9701 -0.0000 0.2428
vn 0.9701 -0.0000 0.2428
s 1
usemtl metal
f 93//21 98//22 95//23 94//24
f 94//24 95//23 97//25 96//26
f 99//27 93//21 94//24 96//26
f 97//25 95//23 98//22 100//28
f 99//27 96//26 97//25 100//28
f 107//29 101//30 105//31 104//32
f 101//30 107//29 106//33 102//34
f 108//35 105//31 101//30 102//34
f 106//33 107//29 104//32 103//36
f 102//34 106//33 103//36 108//35
s 0
f 109//37 110//37 112//37 111//37
f 113//38 115//38 116//38 114//38
f 110//39 114//39 116//39 112//39
f 109//40 113//40 114//40 110//40
f 111//41 115//41 113//41 109//41
f 112//42 116//42 115//42 111//42
f 122//43 119//43 120//43 121//43
f 124//37 123//37 122//37 121//37
f 123//44 118//44 119//44 122//44
f 121//45 120//45 117//45 124//45
f 124//46 117//46 118//46 123//46
f 117//38 120//38 119//38 118//38
s 1
f 126//38 125//38 127//38 128//38
f 136//47 129//47 130//48 131//49
f 130//50 129//51 134//51 135//52
f 132//53 133//53 136//53 137//53
f 131//54 130//55 135//56 138//37
s 0
f 139//37 141//37 142//37 140//37
f 143//38 144//38 146//38 145//38
f 142//57 146//57 144//57 140//57
f 140//42 144//42 143//42 139//42
f 139//58 143//58 145//58 141//58
f 141//40 145//40 146//40 142//40
o steps
v 35.511963 1.158443 -54.438965
v 29.186295 1.158443 -54.438965
v 48.780273 0.000000 2.146240
v 48.000000 -0.000000 -1.755859
v 48.780273 -0.000000 -1.755859
v 47.609619 0.000000 1.755859
v 47.609619 -0.000000 -1.365723
v 48.780273 -0.390137 2.392792
v 48.780273 -0.390137 -2.002410
v 48.000000 -0.390137 -2.002410
v 47.384796 -0.390137 -1.365723
v 48.000000 -0.390137 2.392792
v 48.000000 0.000000 2.146240
v 47.384796 -0.390137 1.755859
v 41.365528 -1.950779 -9.560791
v 41.365528 -1.950779 -6.438965
v 44.487793 -0.390137 -6.438965
v 44.487793 -0.390138 -9.560791
v 3.121826 -1.560793 -25.170654
v 2.731689 -1.560793 -24.390137
v -0.780273 -1.560793 -24.780273
v -0.780273 -1.560793 -25.170654
v -0.999753 -1.951174 -25.170654
v -0.999753 -1.951174 -24.780273
v 3.341305 -1.951174 -25.170654
v 3.121826 -1.560793 -24.780273
v 3.341305 -1.951174 -24.780273
v -0.390137 -1.560793 -24.390137
v -0.390137 -1.951174 -24.174768
v 2.731689 -1.951174 -24.174768
v 8.585205 -1.560790 18.926758
v 8.975586 -1.560790 15.024170
v 9.365723 -1.560790 15.414551
v 9.365723 -1.560790 18.536377
v 9.522084 -1.951171 18.536377
v 9.522084 -1.951171 15.414551
v 8.585205 -1.951171 19.092930
v 8.975586 -1.951171 19.092930
v 8.585205 -1.951171 14.857998
v 8.585205 -1.560790 15.024170
v 8.975586 -1.951171 14.857998
v 8.975586 -1.560790 18.926758
v -46.829197 -1.950980 -29.853516
v -45.268066 -1.170655 -29.853516
v -42.146240 -1.170655 -29.853516
v -40.585110 -1.950980 -29.853516
v -40.585110 -1.950980 -30.634325
v -41.365429 -1.950980 -31.414648
v -46.048878 -1.950980 -31.414648
v -46.829197 -1.950980 -30.633837
v -20.292480 -4.682862 -17.365723
v -23.414551 -4.682862 -17.365723
v -20.682861 -3.121827 -13.463379
v -23.414551 -3.121827 -14.621826
v -24.975586 -1.560792 -11.121826
v -24.975586 -1.560792 -14.243896
v -21.463379 -2.731690 -12.292480
v -23.414551 -2.731690 -14.243896
v -23.792480 -1.951173 -11.121826
v -24.182861 -1.951173 -14.243896
v -22.634033 -2.341310 -11.511963
v -23.792480 -2.341310 -14.243896
v -22.634033 -2.341310 -11.512207
v -20.292480 -3.902345 -15.804688
v -23.414551 -3.902345 -15.804688
v -20.292480 -3.511964 -14.621826
v -23.414551 -3.511964 -15.011963
v -25.755859 -1.170655 -14.243896
v -25.755859 -1.170655 -11.121826
v 12.877930 -1.560791 2.146240
v 8.975586 -1.560791 2.536377
v 8.975586 -1.560791 2.146240
v 12.487793 -1.560791 2.926758
v 9.365723 -1.951172 3.209992
v 12.487793 -1.951172 3.209992
v 9.365723 -1.560791 2.926758
v 8.686874 -1.951172 2.146240
v 8.686874 -1.951172 2.536377
v 13.166641 -1.951172 2.146240
v 12.877930 -1.560791 2.536377
v -29.658447 -1.170654 1.365723
v -45.268066 -1.170654 1.365723
v -45.268066 -1.170654 -3.316895
v -29.658447 -1.170654 -3.316895
v -39.024170 -1.170654 1.365723
v -32.780273 -1.170654 1.365723
v -32.780273 -1.951172 1.365723
v -38.243896 -1.170654 0.585205
v -33.560791 -1.170654 0.585205
v -39.024170 -1.951172 1.365723
v -45.268066 -1.951172 1.365723
v -29.658447 -1.951172 1.365723
v -43.707275 -1.170658 -45.463379
v -40.585205 -1.170658 -45.463379
v -43.707275 -1.985819 -43.832546
v -40.585205 -1.985819 -43.832546
v -43.707275 -1.985819 -45.463379
v 10.926758 -2.049226 -24.974411
v 14.438965 -2.049226 -24.974411
v 10.926758 0.390135 -29.853516
v 14.438965 0.390135 -29.853516
v 14.438965 -2.049226 -29.853516
v 44.487793 -1.950779 -4.988768
v 44.487793 -1.950779 -9.560791
v -7.804688 -4.682863 -22.048584
v -7.804688 -4.682862 -18.926758
v -7.249506 -5.073000 -22.048584
v -7.249506 -5.072999 -18.926758
v -7.804688 -5.073000 -22.547256
v -7.804688 -5.072999 -18.428085
v 28.097412 0.390133 -53.268066
v 29.186295 0.372473 -52.816792
v 35.511963 0.372473 -52.816792
v 13.166641 -1.951172 2.536377
vn -0.0000 0.8999 0.4360
vn -0.0492 0.8988 0.4355
vn -0.0716 0.8976 0.4349
vn -0.0000 1.0000 -0.0000
vn -0.8664 0.4993 -0.0000
vn -0.0000 0.5342 0.8453
vn -0.0000 0.5342 -0.8453
vn -0.6571 0.3927 -0.6435
vn -0.6572 0.3926 0.6433
vn -0.8717 0.4901 -0.0000
vn 0.8717 0.4901 -0.0000
vn -0.0000 0.4831 0.8756
vn 0.6566 0.3664 0.6593
vn -0.6566 0.3664 0.6593
vn 0.9283 0.3718 -0.0000
vn -0.0000 0.3917 0.9201
vn -0.0000 0.3917 -0.9201
vn 0.6825 0.2803 0.6750
vn 0.6825 0.2803 -0.6750
vn -0.1610 0.9127 -0.3757
vn -0.3758 0.9126 -0.1609
vn -0.1251 0.9221 -0.3661
vn 0.1686 0.9067 -0.3866
vn 0.0666 0.9159 -0.3958
vn 0.0649 0.9165 -0.3947
vn 0.1605 0.9058 -0.3922
vn 0.2871 0.9138 -0.2871
vn 0.3441 0.9107 -0.2285
vn 0.2872 0.9138 -0.2871
vn 0.4077 0.9130 -0.0115
vn 0.3958 0.9159 -0.0666
vn 0.3947 0.9165 -0.0649
vn 0.0115 0.9130 -0.4077
vn -0.0000 0.8944 -0.4472
vn 0.4472 0.8944 -0.0000
vn 0.4244 0.8985 -0.1123
vn -0.0000 0.8944 0.4472
vn -0.8040 0.5946 -0.0000
vn -0.0000 0.5872 0.8094
vn 0.6264 0.4599 0.6293
vn 0.8040 0.5946 -0.0000
vn 0.7072 -0.0000 0.7070
vn -0.0000 -0.0000 1.0000
vn -0.7071 -0.0000 0.7071
vn -0.0000 0.7071 0.7071
vn 0.3757 0.9127 -0.1609
vn 0.1609 0.9127 -0.3757
vn 0.1251 0.9221 -0.3661
vn 0.4471 0.8945 -0.0000
vn -0.4471 0.8945 -0.0000
vn -0.0000 0.8945 0.4471
vn -1.0000 -0.0000 -0.0000
vn 1.0000 -0.0000 -0.0000
vn -0.0000 -0.0000 -1.0000
vn -0.3221 0.6444 0.6935
vn 0.5750 0.8182 -0.0000
vn 0.4842 0.6891 0.5391
vn 0.4842 0.6891 -0.5391
vn -0.1639 0.8878 0.4301
vn -0.6264 0.4599 0.6293
s 1
usemtl rock
f 259//59 147//59 148//60 258//61
f 159//62 150//62 153//62 152//62
f 152//63 153//63 157//63 160//63
f 154//64 149//64 159//64 158//64
f 150//65 151//65 155//65 156//65
f 157//66 153//66 150//66 156//66
f 158//67 159//67 152//67 160//67
f 172//62 165//62 168//62 167//62
f 167//68 168//68 169//68 170//68
f 171//69 165//69 172//69 173//69
f 166//70 174//70 175//70 176//70
f 173//71 172//71 166//71 176//71
f 175//72 174//72 167//72 170//72
f 188//62 178//62 186//62 177//62
f 179//73 180//73 181//73 182//73
f 188//74 177//74 183//74 184//74
f 185//75 186//75 178//75 187//75
f 181//76 180//76 188//76 184//76
f 187//77 178//77 179//77 182//77
f 195//78 196//79 190//80
f 199//81 212//82 213//83 200//84
f 204//85 208//86 209//86 203//87
f 201//88 205//89 206//90 202//88
f 211//91 210//91 197//92 198//92
f 200//84 204//85 203//87 199//81
f 202//88 214//93 215//93 201//88
f 207//94 208//94 206//90 205//89
s 0
f 244//95 245//95 247//95 246//95
s 1
f 226//62 216//62 218//62 217//62
f 217//96 218//96 223//96 224//96
f 219//97 222//97 220//97 221//97
f 226//98 219//98 221//98 260//98
f 216//99 226//99 260//99 225//99
f 219//62 226//62 217//62 222//62
s 0
f 235//62 232//62 230//62
f 230//62 229//62 234//62
f 227//62 230//62 232//62
f 235//62 230//62 234//62
f 229//62 228//62 231//62
f 229//62 231//62 234//62
f 234//100 231//100 236//100
f 227//101 232//101 233//101 238//101
f 231//101 228//101 237//101 236//101
f 232//102 235//102 233//102
f 236//103 233//103 235//103 234//103
s 1
f 213//83 212//82 210//91 211//91
f 193//104 194//105 191//106
f 192//107 193//104 191//106
f 194//105 195//78 190//80 191//106
f 196//79 189//108 190//80
s 0
f 239//109 241//109 242//109 240//109
f 239//110 243//110 241//110
f 248//111 247//111 245//111
s 1
f 162//108 163//108 164//108 161//108
f 161//112 164//112 250//112
f 162//113 249//113 163//113
s 0
f 251//114 252//114 254//114 253//114
f 252//115 256//115 254//115
f 251//116 253//116 255//116
s 1
f 258//61 148//60 257//117
f 222//118 217//118 224//118 220//118
f 166//62 172//62 167//62 174//62
f 149//62 151//62 150//62 159//62
f 180//62 179//62 178//62 188//62
o boxs_out
v -41.463379 1.853511 -65.658447
v -44.390137 1.853511 -62.731689
v -41.463379 -1.170659 -65.658447
v -44.390137 -1.170659 -62.731689
v -44.390137 1.853511 -65.658447
v -41.463379 1.853511 -62.731689
v -41.463379 -1.170659 -62.731689
v -42.926758 0.134272 -65.658447
v -41.463379 -1.170659 -65.755859
v -44.390137 -1.170659 -65.755859
v -42.926758 0.134272 -65.755859
v -44.390137 -1.170659 -65.658447
vn -1.0000 -0.0000 -0.0000
vn 1.0000 -0.0000 -0.0000
vn -0.0000 -1.0000 -0.0000
vn -0.0000 -0.0000 -1.0000
vn -0.0000 -0.0000 1.0000
vn -0.6655 -0.7464 -0.0000
vn 0.6655 -0.7464 -0.0000
s 1
usemtl gorea
f 267//119 266//119 261//119 263//119
f 272//120 265//120 262//120 264//120
f 261//121 266//121 262//121 265//121
f 264//122 262//122 266//122 267//122
f 268//123 263//123 261//123
f 261//123 265//123 268//123
f 265//123 272//123 268//123
s 0
f 269//124 263//124 268//124 271//124
f 271//125 268//125 272//125 270//125
o boxs_in
v -44.487793 -1.170659 -62.634033
v -44.487793 1.951167 -62.634033
v -41.365723 -1.170659 -62.634033
v -41.365723 1.951167 -62.634033
v -44.487793 -1.170659 -65.755859
v -44.487793 1.951167 -65.755859
v -41.365723 -1.170659 -65.755859
v -41.365723 1.951167 -65.755859
v -41.463379 -1.170659 -65.755859
v -44.390137 -1.170659 -65.755859
v -42.926758 0.134272 -65.755859
vn -0.0000 -0.0000 1.0000
vn -0.0000 -0.0000 -1.0000
vn -0.0000 1.0000 -0.0000
vn -1.0000 -0.0000 -0.0000
s 0
usemtl gorea
f 273//126 275//126 276//126 274//126
f 280//127 283//127 278//127
f 276//128 280//128 278//128 274//128
f 274//129 278//129 277//129 273//129
f 277//127 283//127 282//127
f 278//127 283//127 277//127
f 283//127 279//127 281//127
f 279//127 283//127 280//127
o boxs_wood
v 17.170654 0.390135 -20.487793
v 14.829102 -1.951174 -20.487793
v 14.829102 0.390135 -20.487793
v 14.829102 0.390135 -22.829102
v 14.829102 -1.951174 -22.829102
v 17.170654 0.390135 -22.829102
v 17.170654 -1.951174 -22.829102
v 28.097412 2.731690 11.121826
v 28.097412 2.731690 9.170654
v 32.780273 2.731690 11.121826
v 46.829102 1.170653 -9.560791
v 48.780273 1.170653 -11.121826
v 31.675053 2.731684 -61.078430
v 29.644915 2.731684 -61.073875
v 29.649586 2.731684 -59.566227
v 31.182861 1.170650 -59.170654
v 29.649586 1.170650 -59.566227
v 31.675053 1.170649 -61.078430
v 31.182861 2.731684 -59.170654
v 46.048584 1.365721 -29.853516
v 46.048584 1.365721 -32.195068
v 48.390137 1.365721 -29.853516
v 46.048584 -0.975588 -29.853516
v 46.048584 -0.975588 -32.195068
v 48.390137 1.365721 -32.195068
v 48.390137 -0.975588 -32.195068
v 46.829102 -0.390138 -9.560791
v 46.829102 1.170653 -11.121826
v 46.829102 -0.390138 -11.121826
v 48.780273 -0.390138 -9.560791
v 48.780273 1.170653 -9.560791
v 15.609619 3.511960 -34.146240
v 17.170654 3.511960 -35.707275
v 15.609619 3.511960 -35.707275
v 17.170654 3.511960 -34.146240
v 15.609619 0.390134 -35.707275
v 15.609619 0.390134 -34.146240
v 17.170654 0.390134 -34.146240
v 17.170654 0.390134 -35.707275
v 28.097412 1.170655 10.731689
v 46.048584 4.292480 6.048584
v 48.390137 4.292480 6.048584
v 23.414551 1.170653 -12.682861
v 26.536377 1.170653 -15.804688
v 31.219482 -1.951171 7.609619
v 31.219482 1.170655 7.609619
v 31.219482 1.170655 10.731689
v 31.219482 -1.951171 10.731689
v 28.097412 -1.951171 7.609619
v 28.097412 1.170655 7.609619
v 46.048584 4.292480 3.707275
v 48.390137 4.292480 3.707275
v 46.048584 -0.390137 6.048584
v 46.048584 -0.390137 3.707275
v 48.390137 -0.390137 3.707275
v 26.536377 -1.951173 -15.804688
v 23.414551 -1.951173 -15.804688
v 23.414551 -1.951173 -12.682861
v 23.414551 1.170653 -15.804688
v 26.536377 1.170653 -12.682861
v 26.536377 -1.951173 -12.682861
v 28.097412 -1.951171 9.170654
v 32.780273 -1.951171 9.170654
v 32.780273 2.731690 9.170654
v 4.682861 1.170652 -23.609619
v 4.682861 1.170652 -25.170654
v 6.243896 1.170652 -25.170654
v 6.243896 1.170652 -23.609619
v 4.682861 -1.951174 -25.170654
v 4.682861 -1.951174 -23.609619
v 6.243896 -1.951174 -25.170654
v 6.243896 -1.951174 -23.609619
v 15.609619 2.731691 23.219482
v 14.048584 2.731691 21.658447
v 15.609619 -1.951170 23.219482
v 14.048584 -1.951170 24.780273
v 12.487793 2.731691 23.219482
v 14.048584 2.731691 24.780273
v 12.487793 -1.951170 23.219482
v 14.048584 -1.951170 21.658447
v -7.804688 1.170655 10.731689
v -9.365723 1.170655 9.170654
v -9.365723 1.170655 10.731689
v -7.804688 1.170655 9.170654
v -7.804688 -1.951171 9.170654
v -7.804688 -1.951171 10.731689
v -9.365723 -1.951171 9.170654
v 21.072998 0.390137 -0.585205
v 21.072998 0.390137 -2.926758
v 23.414551 0.390137 -0.585205
v 23.414551 0.390137 -2.926758
v 23.414551 -1.951172 -2.926758
v 21.072998 -1.951172 -2.926758
v 21.072998 -1.951172 -0.585205
v 23.414551 -1.951172 -0.585205
v -20.292480 4.292482 26.341309
v -20.292480 4.292482 24.780273
v -18.731689 4.292482 26.341309
v -21.853516 4.292482 29.463379
v -18.731689 4.292482 29.463379
v -18.731689 1.170656 29.463379
v -20.292480 2.731691 26.341309
v -20.292480 2.731691 24.780273
v -18.731689 4.292482 24.780273
v -18.731689 2.731691 24.780273
v -21.853516 1.170656 29.463379
v -20.292480 1.170656 26.341309
v -20.292480 1.170656 24.780273
v -18.731689 1.382082 24.780273
v -21.853516 4.292482 26.341309
v -21.853516 1.170656 26.341309
v -18.731689 1.170656 26.341309
v -3.902344 -2.731690 -19.707275
v -3.902344 -2.731691 -22.048584
v -1.560791 -2.731690 -19.707275
v -1.560791 -2.731691 -22.048584
v -3.902344 -5.072999 -19.707275
v -3.902344 -5.072999 -22.048584
v -1.560791 -5.072999 -19.707275
v -1.560791 -5.072999 -22.048584
v 42.146240 -5.072998 7.609620
v 43.707275 -5.072998 7.609620
v 35.902344 -5.072997 13.853516
v 42.146240 -3.511962 8.780273
v 43.707275 -3.511962 10.341309
v 42.146240 -6.634033 7.609620
v 43.707275 -6.634033 7.609620
v 43.707275 -6.634032 10.731690
v 42.146240 -6.634032 10.731690
v 37.463379 -6.634032 10.731690
v 37.463379 -5.072997 10.731689
v 37.463379 -5.072997 13.853516
v 37.463379 -6.634032 13.853517
v 35.902344 -6.634032 10.731690
v 35.902344 -5.072997 10.731689
v 42.146240 -5.072997 10.341309
v 42.146240 -3.511962 10.341309
v 42.146240 -5.072998 8.780273
v 43.707275 -5.072997 10.341309
v 43.707275 -3.511962 8.780273
v 43.707275 -5.072998 8.780273
v 43.707275 -5.072997 10.731689
v 42.146240 -5.072997 10.731689
v -45.268066 1.951167 -61.853516
v -46.829102 1.951167 -61.853516
v -46.829102 1.951167 -63.414551
v -34.341309 1.170652 -28.682861
v -35.316895 1.170652 -27.707275
v -34.341309 1.170652 -26.731689
v -40.585205 1.170652 -29.853516
v -39.024170 1.170652 -31.414551
v -39.024170 1.170652 -29.853516
v -29.268066 0.780269 -50.926758
v -28.097412 0.780269 -49.755859
v -28.097412 0.780269 -50.926758
v -44.877930 1.170650 -56.390137
v -30.438965 0.390138 12.292480
v -30.438965 0.390138 16.975586
v -38.634033 2.731690 20.487793
v -37.072998 2.731691 22.048584
v -35.511963 4.292481 20.487793
v -40.585205 0.390134 -43.121826
v -40.585205 0.390134 -45.463379
v -45.268066 0.390133 -47.414551
v -45.268066 0.390134 -45.853516
v -46.829102 0.390134 -45.853516
v -46.829102 0.390133 -47.414551
v -23.414551 -0.780276 -37.268066
v -44.487793 1.170649 -63.414551
v -46.829102 1.170649 -63.414551
v -41.365723 1.170650 -60.292480
v -41.365723 1.170649 -62.634033
v -44.487793 3.511958 -65.365723
v -42.926758 3.511958 -65.365723
v -42.926758 3.511958 -63.804688
v -42.926758 3.511958 -63.414551
v -44.487793 -1.170659 -65.755859
v -23.410889 -1.952396 -38.438965
v -20.438965 -0.499759 -38.438965
v -21.186523 -2.693851 -38.438965
v -22.658447 0.255856 -38.438965
v -23.410889 -1.952396 -36.097412
v -22.658447 0.255856 -36.097412
v -20.438965 -0.500003 -38.438965
v -20.438965 -0.500003 -36.097412
v -21.186523 -2.693851 -36.097412
v -45.268066 -1.170659 -63.414551
v -45.268066 1.951167 -63.414551
v -46.829102 -1.170659 -63.414551
v -33.365723 1.170652 -27.707275
v -40.585205 1.170652 -31.414551
v -29.268066 -0.390141 -49.755859
v -29.268066 0.780269 -49.755859
v -29.268066 -0.390141 -50.926758
v -28.097412 -0.390141 -49.755859
v -23.414551 -1.951175 -36.097412
v -44.877930 1.170650 -55.219482
v -46.048584 1.170650 -55.219482
v -46.048584 1.170650 -56.390137
v -44.877930 -1.170658 -56.390137
v -44.877930 -1.170658 -55.219482
v -46.048584 -1.170658 -55.219482
v -46.048584 -1.170658 -56.390137
v -33.365723 -1.951174 -27.707275
v -34.341309 -1.951174 -26.731689
v -32.780273 0.390138 12.292480
v -32.780273 -1.951171 12.292480
v -30.438965 -1.951171 12.292480
v -32.780273 -1.951171 16.975586
v -32.780273 0.390138 16.975586
v -40.585205 -1.951174 -29.853516
v -40.585205 -1.951174 -31.414551
v -39.024170 -1.951174 -31.414551
v -39.024170 -1.951174 -29.853516
v -40.585205 -1.951175 -43.121826
v -40.585205 -1.951175 -45.463379
v -38.243896 -1.951175 -45.463379
v -38.243896 0.390134 -45.463379
v -38.243896 0.390134 -43.121826
v -38.243896 -1.951175 -43.121826
v -46.829102 -1.170658 -45.853516
v -45.268066 -1.170658 -47.414551
v -45.268066 -1.170658 -45.853516
v -46.829102 -1.170658 -47.414551
v -24.585205 -1.951175 -36.097412
v -24.585205 -0.780276 -36.097412
v -24.585205 -0.780276 -37.268066
v -24.585205 -1.951175 -37.268066
v -23.414551 -1.951175 -37.268066
v -23.414551 -0.780276 -36.097412
v -46.829102 -1.170659 -65.755859
v -45.268066 -1.170659 -61.853516
v -46.829102 -1.170659 -61.853516
v -44.487793 -1.170659 -63.414551
v -46.829102 -1.170659 -63.414551
v -46.829102 1.170649 -65.755859
v -44.487793 1.170649 -65.755859
v -43.707275 -1.170659 -60.292480
v -43.707275 1.170650 -60.292480
v -43.707275 1.170649 -62.634033
v -43.707275 -1.170659 -62.634033
v -41.365723 -1.170659 -60.292480
v -42.926758 1.951167 -63.804688
v -44.487793 1.951167 -63.804688
v -44.487793 3.511958 -63.804688
v -44.487793 1.951167 -65.365723
v -42.926758 1.951167 -65.365723
v -42.926758 1.951167 -63.414551
v -42.926758 3.511958 -64.975586
v -42.926758 1.951167 -64.975586
v -41.365723 1.951167 -63.414551
v -41.365723 3.511958 -63.414551
v -41.365723 3.511958 -64.975586
v -41.365723 1.951167 -64.975586
v -35.316895 -1.951174 -27.707275
v -34.341309 -1.951174 -28.682861
v -45.268066 1.170654 -1.755859
v -38.634033 1.170655 17.365723
v -38.634033 1.170656 22.048584
v -38.634033 2.731691 22.048584
v -38.634033 1.170656 20.487793
v -37.072998 1.170656 20.487793
v -37.072998 2.731690 20.487793
v -37.072998 1.170656 22.048584
v -38.634033 4.292481 20.487793
v -38.634033 4.292481 17.365723
v -35.511963 1.170655 17.365723
v -35.511963 4.292481 17.365723
v -35.511963 1.170656 20.487793
v -45.268066 -1.170654 0.585205
v -42.926758 -1.170654 -1.755859
v -42.926758 1.170654 -1.755859
v -42.926758 1.170654 0.585205
v -42.926758 -1.170654 0.585205
v -45.268066 1.170654 0.585205
v 17.951172 -2.536380 -44.682861
v 20.292480 -1.951175 -42.341309
v 20.292480 -1.951175 -44.682861
v 26.536377 -0.390138 -14.243896
v 28.097412 -1.951173 -14.243896
v 28.097412 -0.390138 -14.243896
v 20.292480 -4.877934 -42.341309
v 20.292480 -2.536380 -42.341309
v 17.951172 -2.536380 -42.341309
v 17.951172 -4.877934 -42.341309
v 20.292480 -2.536380 -44.682861
v 20.292480 -4.292483 -42.341309
v 20.292480 -4.292483 -44.682861
v 22.634033 -4.292483 -44.682861
v 22.634033 -1.951175 -44.682861
v 22.634033 -1.951175 -42.341309
v 22.634033 -4.292483 -42.341309
v 28.097412 -1.951173 -15.804688
v 26.536377 -1.951173 -14.243896
v 26.536377 -1.951173 -15.804688
v 28.097412 -0.390138 -15.804688
v 5.463379 -2.731692 -43.902344
v 3.902344 -2.731692 -42.341309
v 5.463379 -5.073001 -40.780273
v 7.024170 -5.073001 -42.341309
v 5.463379 -2.731692 -40.780273
v 5.463379 -5.073001 -43.902344
v 7.024170 -2.731692 -42.341309
v 3.902344 -5.073001 -42.341309
v 18.731689 -2.536380 -44.682861
v -0.780273 -1.170657 -42.341309
v 0.780273 -1.170657 -42.341309
v 18.731689 -0.975589 -43.121826
v 18.731689 -2.536380 -43.121826
v -0.780273 -2.731692 -42.341309
v 20.292480 -2.536380 -44.682861
v 20.292480 -0.975589 -43.121826
v 20.292480 -0.975589 -44.682861
v 18.731689 -0.975589 -44.682861
v -0.780273 -2.731692 -40.780273
v -0.780273 -1.170657 -40.780273
v 0.780273 -2.731692 -42.341309
v 0.780273 -1.170657 -40.780273
v 0.780273 -2.731692 -40.780273
v -6.243896 -1.951171 15.414551
v -6.243896 -0.390136 15.414551
v -7.804688 -1.951171 15.414551
v -7.804688 -0.390136 15.414551
v -6.243896 -0.390136 18.536377
v -6.243896 -1.951171 18.536377
v -7.804688 -0.390136 18.536377
v -7.804688 -1.951171 18.536377
v -6.243896 1.170655 17.365723
v -7.804688 1.170655 17.365723
v -7.804688 1.170655 15.804688
v -6.243896 -0.390136 15.804688
v -6.243896 1.170655 15.804688
v -6.243896 -0.390136 17.365723
v -7.804688 -0.390136 17.365723
v -7.804688 -0.390136 15.804688
v -17.170654 -2.341311 -19.707275
v -14.829102 -2.341311 -19.707275
v -17.170654 -4.682862 -17.365723
v -17.170654 -2.341310 -17.365723
v -17.170654 -4.682862 -19.707275
v -14.829102 -4.682862 -19.707275
v -14.829102 -2.341310 -17.365723
v -14.829102 -4.682862 -17.365723
v -41.463379 -1.073003 -65.658447
v -41.463379 -1.073003 -62.731689
v -44.390137 -1.073003 -62.731689
v -44.390137 -1.170659 -65.658447
v -44.390137 -1.073003 -65.658447
v -41.463379 -1.170659 -65.658447
v -28.097412 -1.170655 -15.804688
v -28.097412 0.390136 -15.804688
v -28.097412 0.390136 -17.365723
v -28.097412 -1.170655 -17.365723
v -26.536377 -1.170655 -15.804688
v -26.536377 0.390136 -15.804688
v -26.536377 0.390136 -17.365723
v -26.536377 -1.170655 -17.365723
v -26.536377 -0.780274 -15.804688
v -26.536377 0.780272 -15.804688
v -26.536377 0.780272 -17.365723
v -26.536377 -0.780274 -17.365723
v -24.975586 -0.780274 -17.365723
v -24.975586 0.780272 -17.365723
v -24.975586 0.780272 -15.804688
v -24.975586 -0.780274 -15.804688
v -21.853516 -4.682862 -22.048584
v -21.853516 -4.682863 -23.609619
v -21.853516 -3.121828 -22.048584
v -21.853516 -3.121828 -23.609619
v -24.975586 -3.121827 -22.048584
v -24.975586 -3.121828 -23.609619
v -24.975586 -4.682862 -22.048584
v -24.195068 0.780270 -46.634033
v -26.536377 0.780270 -46.634033
v -24.195068 -1.560795 -50.222511
v -24.195068 -1.560795 -46.634033
v -26.536377 -1.560795 -46.634033
v -26.536377 0.780269 -50.222511
v -24.195068 0.780269 -50.222511
v -45.268066 -1.170656 -20.487793
v -45.268066 1.951170 -20.487793
v -45.268066 1.951171 -17.365723
v -45.268066 -1.170655 -17.365723
v -48.390137 1.951171 -17.365723
v -48.390137 -1.170655 -17.365723
v -48.390137 1.951170 -20.487793
v 30.341309 0.390137 4.755859
v 28.097412 -1.951172 5.365723
v 28.097412 0.390137 5.365723
v 30.341309 -1.951172 4.755859
v 31.109324 -1.951171 7.612387
v 31.109324 0.390138 7.612387
v 28.097412 0.390138 7.609619
v 28.097412 -1.951171 7.609619
v 26.536377 -0.390138 -15.804688
v 20.292480 -2.536380 -43.121826
v 1.560791 -5.073001 -40.000000
v 1.560791 -2.731692 -40.000000
v 1.560791 -5.073001 -42.341309
v -0.780273 -5.073001 -42.341309
v -0.780273 -2.731692 -42.341309
v -0.780273 -2.731692 -40.000000
v -0.780273 -5.073001 -40.000000
v 1.560791 -2.731692 -42.341309
v -23.024170 -0.390141 -50.222511
v -24.195068 -0.390141 -50.222511
v -24.195068 -1.560795 -46.634033
v -23.024170 -1.560795 -50.222511
v -23.024170 -0.390141 -46.634033
v -23.024170 -1.560795 -46.634033
v -24.195068 -0.390141 -46.634033
v -24.195068 0.786038 -48.944828
v -24.195070 0.781166 -50.146072
v -24.195068 1.182857 -48.841309
v -24.195068 1.476070 -49.965820
v -26.536377 0.786039 -48.944824
v -26.536379 0.781167 -50.146069
v -26.536377 1.182859 -48.841305
v -26.536377 1.476072 -49.965816
v -44.097412 3.121821 -63.804688
v -42.926758 3.121821 -62.634033
v -44.097412 1.951167 -62.634033
v -44.097412 3.121821 -62.634033
v -44.097412 1.951167 -63.804688
v -42.926758 1.951167 -63.804688
v -42.926758 3.121821 -63.804688
v -42.926758 1.951167 -62.634033
v -45.268066 2.731684 -65.755859
v -45.268066 2.731684 -64.195068
v -46.829102 1.170649 -65.755859
v -45.268066 1.170649 -65.755859
v -45.268066 1.170649 -64.195068
v -46.829102 2.731684 -64.195068
v -46.829102 1.170649 -64.195068
v -46.829102 2.731684 -65.755859
vn -0.0000 1.0000 -0.0000
vn -1.0000 -0.0000 -0.0000
vn -0.0000 -0.0000 -1.0000
vn -0.0000 0.7071 -0.7071
vn -0.0000 0.7071 0.7071
vn -0.7071 0.7071 -0.0000
vn -0.5774 0.5774 0.5774
vn 0.6847 0.7071 0.1766
vn -0.6855 0.7063 -0.1768
vn -0.7033 0.5774 0.4147
vn 0.4148 0.5774 0.7033
vn -0.0000 -0.0000 1.0000
vn 0.5774 0.5774 0.5774
vn 0.5080 -0.0000 0.8613
vn -0.8619 -0.0000 0.5071
vn 0.9683 -0.0000 0.2498
vn -0.5774 0.5774 -0.5774
vn 0.7071 0.7071 -0.0000
vn 0.5774 0.5774 -0.5774
vn 1.0000 -0.0000 -0.0000
vn 0.7071 -0.0000 -0.7071
vn -0.7071 -0.0000 0.7071
vn -0.7072 -0.0000 -0.7071
vn 0.8973 0.4413 -0.0000
vn -0.3603 0.7327 -0.5774
vn -0.4413 0.8973 -0.0000
vn 0.5824 0.5672 0.5824
vn 0.5824 0.5672 -0.5824
vn 0.5000 0.7071 -0.5000
vn -0.0000 0.5774 -0.8165
vn -0.8165 0.5774 -0.0000
vn -0.5000 0.7071 0.5000
vn -0.6707 0.2285 -0.7056
vn -0.9466 0.3225 -0.0000
vn 0.9466 -0.3225 -0.0000
vn 0.9997 -0.0263 -0.0000
vn -0.8165 -0.5774 -0.0000
vn -0.0000 -0.5774 -0.8165
vn -0.5000 -0.7071 0.5000
vn 0.5000 -0.7071 -0.5000
vn 0.0003 0.1450 -0.9894
vn 0.6758 0.1072 -0.7292
vn 0.8165 0.5774 -0.0000
vn 0.5001 0.7071 -0.5000
vn -0.0000 0.5773 0.8165
vn 0.7072 -0.0000 -0.7071
vn 0.7072 -0.0000 0.7071
vn 0.7068 -0.0000 -0.7074
vn 0.5773 0.5773 -0.5774
vn -0.0000 0.7068 -0.7074
vn 0.6547 0.5647 0.5024
vn 0.4067 0.5772 -0.7081
vn -0.1857 0.8101 -0.5560
vn 0.0774 0.8425 0.5332
vn 0.4981 -0.0000 -0.8671
vn 0.7933 -0.0000 0.6088
vn -0.2623 -0.0000 -0.9650
vn -0.0009 -0.0000 1.0000
vn -0.0000 0.2511 -0.9680
vn -0.0000 -0.2524 0.9676
vn -0.0000 0.9676 0.2523
s 1
usemtl gorea
f 284//130 289//130 287//130 286//130
f 285//131 286//131 287//131 288//131
f 288//132 287//132 289//132 290//132
f 293//130 347//133 292//133 291//130
f 314//134 295//130 311//135 294//136
f 296//137 297//138 298//139 302//140
f 680//141 681//142 685//136 686//141
f 299//143 302//140 298//139 300//144
f 301//145 296//137 302//140 299//143
f 305//130 308//133 304//146 303//135
f 306//131 303//135 304//146 307//131
f 307//132 304//146 308//133 309//132
f 310//131 294//136 311//135 312//131
f 313//141 314//134 294//136 310//141
f 318//134 316//133 317//146 315//136
f 318//134 315//136 320//141 321//141
f 320//131 315//136 317//146 319//131
f 319//132 317//146 316//133 322//132
f 330//147 329//148 333//133 323//130
f 325//130 335//133 334//146 324//135
f 343//142 327//147 342//135 326//136
f 328//149 329//148 330//147 331//149
f 332//132 333//133 329//148 328//132
f 336//131 324//135 334//146 337//131
f 341//131 326//136 342//135 340//131
f 339//149 327//147 343//142 344//149
f 344//141 343//142 326//136 341//141
f 337//132 334//146 335//133 338//132
f 345//132 292//133 347//133 346//132
f 351//142 350//147 349//135 348//136
f 355//141 351//142 348//136 353//141
f 353//131 348//136 349//135 352//131
f 354//149 350//147 351//142 355//149
f 356//130 357//130 360//130 361//130
f 363//150 357//150 356//150 358//150
f 359//151 361//151 360//151 362//151
f 362//152 360//152 357//152 363//152
f 364//147 367//148 365//133 366//130
f 370//132 365//133 367//148 368//132
f 368//149 367//148 364//147 369//149
f 373//134 374//133 372//146 371//136
f 377//131 371//136 372//146 376//131
f 378//141 373//134 371//136 377//141
f 376//132 372//146 374//133 375//132
f 381//130 387//133 380//146 379//135
f 383//134 381//133 393//146 382//136
f 385//131 379//135 380//146 386//131
f 386//132 380//146 387//133 388//132
f 390//131 385//131 386//131 391//131
f 391//132 386//132 388//132 392//132
f 389//131 382//136 393//146 394//131
f 384//141 383//134 382//136 389//141
f 394//132 393//146 381//133 395//132
f 398//134 399//133 397//146 396//136
f 400//131 396//136 397//146 401//131
f 402//141 398//134 396//136 400//141
f 401//132 397//146 399//133 403//132
f 412//131 426//136 404//146 409//131
f 415//147 414//148 418//133 406//130
f 408//134 423//133 407//146 420//136
f 409//132 404//146 405//133 410//132
f 411//131 425//131 405//131 410//131
f 411//141 425//134 426//136 412//141
f 413//149 414//148 415//147 416//149
f 417//132 418//133 414//148 413//132
f 419//131 420//136 407//146 421//131
f 422//141 408//134 420//136 419//141
f 421//132 407//146 423//133 424//132
f 468//153 467//153 464//154 466//155
f 427//156 471//157 429//133 428//134
f 473//158 430//159 431//160 432//161
f 435//147 434//148 474//146 433//135
f 437//134 438//130 436//135 476//136
f 480//142 439//148 482//133 481//134
f 443//142 546//147 442//135 543//136
f 444//142 551//148 549//146 548//136
f 502//142 501//148 446//146 445//136
f 448//142 447//148 450//133 449//134
f 513//147 451//148 510//146 509//135
f 452//134 520//133 519//133 453//134
f 454//134 455//130 523//135 522//136
f 458//142 457//148 456//146 528//136
f 535//134 536//133 532//146 459//136
f 461//162 464//154 462//132 463//132
f 464//154 461//162 465//163 466//155
f 467//153 468//153 469//164 463//164
f 515//165 470//165 471//157 427//156
f 472//132 429//133 471//157 470//132
f 538//166 431//160 430//159 539//167
f 494//131 433//135 474//146 495//131
f 495//132 474//146 434//148 496//132
f 488//168 432//161 431//160 538//166
f 496//149 434//148 435//147 497//149
f 475//131 476//136 436//135 477//131
f 478//141 437//134 476//136 475//141
f 486//132 482//133 439//148 483//132
f 483//149 439//148 480//142 484//149
f 515//141 427//156 428//134 516//141
f 441//130 440//133 489//146 493//135
f 490//132 489//146 440//133 491//132
f 498//131 445//136 446//146 499//131
f 500//149 501//148 502//142 503//149
f 503//141 502//142 445//136 498//141
f 499//132 446//146 501//148 500//132
f 505//149 447//148 448//142 506//149
f 506//141 448//142 449//134 504//141
f 507//132 450//133 447//148 505//132
f 508//131 509//135 510//146 511//131
f 512//149 451//148 513//147 479//149
f 511//132 510//146 451//148 512//132
f 517//141 452//134 453//134 518//141
f 514//132 519//133 520//133 460//132
f 521//131 522//136 523//135 524//131
f 525//141 454//134 522//136 521//141
f 527//131 528//136 456//146 529//131
f 530//149 457//148 458//142 526//149
f 526//141 458//142 528//136 527//141
f 529//132 456//146 457//148 530//132
f 531//131 459//136 532//146 533//131
f 534//141 535//134 459//136 531//141
f 533//132 532//146 536//133 537//132
f 487//169 488//168 538//166 539//167
f 556//142 555//147 540//130 558//134
f 542//131 543//136 442//135 544//131
f 545//149 546//147 443//142 547//149
f 547//141 443//142 543//136 542//141
f 544//131 548//136 549//146 541//131
f 550//149 551//148 444//142 552//149
f 552//141 444//142 548//136 544//141
f 541//132 549//146 551//148 550//132
f 554//149 555//147 556//142 557//149
f 557//141 556//142 558//134 553//141
f 661//170 657//134 656//142 662//171
f 566//134 569//130 559//130 567//134
f 574//142 573//147 561//135 560//136
f 578//132 678//133 579//148 576//132
f 565//141 566//134 567//134 568//141
f 570//131 560//136 561//135 571//131
f 572//149 573//147 574//142 575//149
f 575//141 574//142 560//136 570//141
f 563//141 564//142 562//134 577//141
f 576//149 579//148 564//142 563//149
f 564//142 579//148 678//133 562//134
f 586//172 580//173 581//161 584//174
f 585//175 580//173 586//172 583//175
f 583//176 586//172 584//174 582//176
f 582//151 584//174 581//161 587//151
f 679//141 595//142 591//136 592//141
f 601//142 590//147 589//135 599//136
f 604//148 607//142 608//149 603//149
f 594//149 596//147 595//142 679//149
f 592//131 591//136 597//135 588//131
f 595//142 596//147 597//135 591//136
f 598//131 599//136 589//135 593//131
f 600//149 590//147 601//142 602//149
f 602//141 601//142 599//136 598//141
f 607//142 604//148 606//133 609//134
f 605//132 606//133 604//148 603//132
f 608//141 607//142 609//134 610//141
f 605//149 606//149 609//149 610//149
f 539//167 430//159 473//158 487//169
f 611//142 615//148 613//133 612//134
f 614//149 615//148 611//142 616//149
f 616//141 611//142 612//134 617//141
f 618//132 613//133 615//148 614//132
f 625//147 620//148 619//146 622//135
f 621//131 622//135 619//146 623//131
f 624//149 620//148 625//147 626//149
f 623//132 619//146 620//148 624//132
f 492//131 493//135 489//146 490//131
f 628//130 627//133 631//133 629//130
f 630//132 631//133 627//133 632//132
f 484//141 480//142 481//134 485//141
f 633//131 634//131 635//131 636//131
f 637//141 638//141 634//141 633//141
f 636//132 635//132 639//132 640//132
f 638//130 639//130 635//130 634//130
f 641//131 642//131 643//131 644//131
f 645//149 646//149 647//149 648//149
f 648//141 647//141 642//141 641//141
f 647//130 646//130 643//130 642//130
s 0
f 649//149 650//149 652//149 651//149
f 651//130 652//130 654//130 653//130
f 649//141 651//141 653//141 655//141
s 1
f 658//177 662//171 656//142 659//149
f 659//141 656//142 657//134 660//141
f 692//142 688//178 689//179 694//134
f 663//149 664//149 665//149 666//149
f 666//141 665//141 667//141 668//141
f 665//130 664//130 669//130 667//130
f 682//149 687//147 681//142 680//149
f 675//180 670//181 672//182 676//183
f 673//184 670//181 675//180 674//185
f 671//186 672//182 670//181 673//184
f 674//185 675//180 676//183 677//187
f 686//131 685//136 684//135 683//131
f 681//142 687//147 684//135 685//136
f 425//134 405//133 404//146 426//136
f 688//178 692//142 693//149 691//149
f 693//141 692//142 694//134 690//141
s 0
f 695//149 696//149 698//149 697//149
f 696//188 700//188 702//188 698//188
f 697//189 701//189 699//189 695//189
f 698//190 702//190 701//190 697//190
s 1
f 704//142 709//147 703//135 706//136
f 705//131 706//136 703//135 707//131
f 708//149 709//147 704//142 710//149
f 710//141 704//142 706//136 705//141
f 712//142 711//148 718//133 716//134
f 714//149 711//148 712//142 715//149
f 715//141 712//142 716//134 717//141
f 713//132 718//133 711//148 714//132
o b_tunnel
v -8.585205 -4.682862 -18.926758
v -8.585205 -4.682862 -22.048584
v -8.585205 -1.170655 -18.926758
v -8.585205 -1.170655 -22.048584
v -8.585205 -1.170655 -17.365723
v -8.585205 -4.682862 -17.365723
v -8.585205 -4.682862 -23.609619
v -8.585205 -1.170655 -23.609619
v -24.975586 -1.170655 -17.365723
v -24.975586 -4.682862 -17.365723
v -24.975586 -4.682862 -23.609619
v -24.975586 -1.170655 -23.609619
v -8.585205 -1.170655 -17.365723
v -8.585205 -1.170655 -23.609619
v -24.975586 -1.170655 -17.365723
v -24.975586 -1.170655 -23.609619
v -8.585205 -4.682862 -17.365723
v -8.585205 -4.682862 -23.609619
v -24.975586 -4.682862 -17.365723
v -24.975586 -4.682862 -23.609619
v -8.585205 -1.170655 -17.365723
v -8.585205 -4.682862 -17.365723
v -24.975586 -1.170655 -17.365723
v -24.975586 -4.682862 -17.365723
v -23.414551 -4.682862 -14.243896
v -23.414551 -0.780274 -14.243896
v -23.414551 -4.682862 -17.365723
v -20.292480 -4.682862 -17.365723
v -20.292480 -1.170655 -17.365723
v -23.414551 -1.170655 -17.365723
v -23.414551 -0.780274 -17.365723
v -23.414551 -4.682862 -17.365723
v -26.717003 -1.170655 -14.243896
v -26.536377 -0.780274 -14.243896
v -20.292480 -4.682862 -17.365723
v -20.292480 2.731688 -17.365723
v -20.292480 -4.682862 -14.634033
v -20.292480 2.731688 -14.634033
v -20.682861 -4.682862 -13.463379
v -20.682861 2.731688 -13.463379
v -21.463379 -4.682862 -12.292480
v -21.463379 2.731688 -12.292480
v -22.634033 -4.682862 -11.511963
v -22.634033 2.731688 -11.511963
v -23.804688 -4.682862 -11.121826
v -23.804688 2.731688 -11.121826
v -25.755859 -4.682862 -11.121826
v -25.755859 2.731688 -11.121826
v -25.755859 -1.170655 -11.121826
v -25.755859 2.731688 -11.121826
v -20.292480 -1.170655 -17.365723
v -20.292480 2.731688 -17.365723
v -34.341309 -1.170655 -17.365723
v -34.341309 2.731688 -17.365723
v -35.134033 -1.170655 -17.597412
v -35.134033 2.731688 -17.597412
v -35.670654 -1.170655 -18.134033
v -35.670654 2.731688 -18.134033
v -35.902344 -1.170655 -18.841309
v -35.902344 2.731688 -18.841309
v -35.902344 -1.170655 -20.487793
v -35.902344 2.731688 -20.487793
v -32.780273 -1.170655 -11.121826
v -32.780273 2.731688 -11.121826
v -32.780273 -1.170655 -9.560791
v -32.780273 2.731688 -9.560791
v -34.341309 -1.170655 -9.560791
v -34.341309 2.731688 -9.560791
v -34.341309 -1.170655 -9.560791
v -34.341309 2.731688 -9.560791
v -34.341309 -1.170655 -3.316895
v -34.341309 2.731688 -3.316895
v -37.463379 -1.170655 -9.560791
v -37.463379 2.731688 -9.560791
v -37.463379 -1.170655 -3.316895
v -37.463379 2.731688 -3.316895
v -39.024170 -1.170655 -9.560791
v -39.024170 2.731688 -9.560791
v -39.024170 -1.170655 -12.646240
v -39.024170 2.731688 -12.646240
v -39.256104 -1.170655 -13.475586
v -39.256104 2.731688 -13.475586
v -39.792480 -1.170655 -14.011963
v -39.792480 2.731688 -14.011963
v -40.609619 -1.170655 -14.243896
v -40.609619 2.731688 -14.243896
v -48.390137 -1.170655 -14.243896
v -48.390137 2.731688 -14.243896
v -48.390137 -1.170655 -20.487793
v -48.390137 2.731688 -20.487793
v -45.268066 -1.170655 -20.487793
v -45.268066 2.731688 -20.487793
v -42.146240 -1.170655 -20.487793
v -42.146240 2.731688 -20.487793
v -35.902344 2.731688 -20.487793
v -48.390137 2.731688 -20.487793
v -40.609619 2.731688 -14.243896
v -48.390137 2.731688 -14.243896
v -45.268066 -1.170655 -20.487793
v -45.268066 2.731688 -20.487793
v -42.146240 -1.170655 -20.487793
v -42.146240 2.731688 -20.487793
v -45.268066 -1.170655 -29.853516
v -45.268066 2.731688 -29.853516
v -42.146240 -1.170655 -29.853516
v -42.146240 2.731688 -29.853516
v -35.902344 2.731688 -18.841309
v -39.792480 2.731688 -14.011963
v -35.670654 2.731688 -18.134033
v -39.255859 2.731688 -13.475586
v -35.134033 2.731688 -17.597412
v -39.024170 2.731688 -12.646240
v -34.341309 2.731688 -17.365723
v -32.780273 2.731688 -11.121826
v -39.024170 2.731688 -9.560791
v -32.780273 2.731688 -9.560791
v -20.292480 2.731688 -17.365723
v -20.292480 2.731688 -11.121826
v -35.902344 -1.170655 -20.487793
v -48.390137 -1.170655 -20.487793
v -40.609619 -1.170654 -14.243896
v -48.390137 -1.170654 -14.243896
v -35.902344 -1.170655 -18.841309
v -39.792480 -1.170655 -14.011963
v -35.670654 -1.170655 -18.134033
v -39.255859 -1.170655 -13.475586
v -35.134033 -1.170655 -17.597412
v -39.024170 -1.170654 -12.646240
v -34.341309 -1.170655 -17.365723
v -32.780273 -1.170655 -11.121826
v -39.024170 -1.170655 -9.560791
v -32.780273 -1.170655 -9.560791
v -25.755859 -1.170655 -17.365723
v -25.755859 -1.170655 -11.121826
v -26.536377 -0.780274 -14.243896
v -26.717003 -1.170655 -14.243896
v -26.536377 -0.780274 -17.365723
v -26.717003 -1.170655 -17.365723
v -23.414551 -0.780274 -14.243896
v -23.414551 -0.780274 -17.365723
v -34.341309 -1.170655 -9.560791
v -34.341309 -1.170655 -3.316895
v -37.463379 -1.170655 -9.560791
v -37.463379 -1.170655 -3.316895
vn -1.0000 -0.0000 -0.0000
vn -0.0000 -0.0000 1.0000
vn -0.0000 -0.0000 -1.0000
vn 1.0000 -0.0000 -0.0000
vn -0.0000 -1.0000 -0.0000
vn -0.0000 1.0000 -0.0000
vn -0.9486 -0.0000 -0.3163
vn -0.8321 -0.0000 -0.5547
vn -0.5547 -0.0000 -0.8320
vn -0.3162 -0.0000 -0.9487
vn -0.2805 -0.0000 0.9598
vn -0.7071 -0.0000 0.7071
vn -0.9503 -0.0000 0.3113
vn 0.9630 -0.0000 -0.2693
vn 0.7071 -0.0000 -0.7071
vn 0.2730 -0.0000 -0.9620
vn -0.9076 0.4199 -0.0000
s 0
usemtl rock
f 721//191 719//191 724//191 723//191
f 726//191 725//191 720//191 722//191
f 725//192 726//192 730//192 729//192
f 748//193 745//193 742//193 741//193
f 728//194 729//194 730//194 727//194
f 734//195 732//195 731//195 733//195
f 738//196 737//196 735//196 736//196
f 750//194 749//194 744//194 743//194
f 743//192 744//192 752//192 751//192
f 739//193 740//193 746//193 747//193
f 753//191 755//191 756//191 754//191
f 756//197 755//197 757//197 758//197
f 758//198 757//198 759//198 760//198
f 760//199 759//199 761//199 762//199
f 762//200 761//200 763//200 764//200
f 764//193 763//193 765//193 766//193
f 769//192 770//192 772//192 771//192
f 771//201 772//201 774//201 773//201
f 773//202 774//202 776//202 775//202
f 775//203 776//203 778//203 777//203
f 777//191 778//191 780//191 779//191
f 768//193 767//193 781//193 782//193
f 782//191 781//191 783//191 784//191
f 784//193 783//193 785//193 786//193
f 788//191 787//191 789//191 790//191
f 792//194 794//194 793//194 791//194
f 790//195 794//195 792//195 788//195
f 792//193 791//193 795//193 796//193
f 796//194 795//194 797//194 798//194
f 798//204 797//204 799//204 800//204
f 800//205 799//205 801//205 802//205
f 802//206 801//206 803//206 804//206
f 804//193 803//193 805//193 806//193
f 806//194 805//194 807//194 808//194
f 808//192 807//192 809//192 810//192
f 780//192 812//192 811//192 779//192
f 828//195 827//195 829//195 830//195
f 826//195 825//195 827//195 828//195
f 815//195 813//195 825//195 826//195
f 816//195 814//195 813//195 815//195
f 819//191 820//191 824//191 823//191
f 818//194 817//194 821//194 822//194
f 823//196 821//196 817//196 819//196
f 820//195 818//195 822//195 824//195
f 833//195 831//195 832//195 834//195
f 830//195 829//195 831//195 833//195
f 832//195 831//195 835//195 836//195
f 844//196 846//196 845//196 843//196
f 842//196 844//196 843//196 841//196
f 839//196 842//196 841//196 837//196
f 840//196 839//196 837//196 838//196
f 849//196 850//196 848//196 847//196
f 846//196 849//196 847//196 845//196
f 848//196 852//196 851//196 847//196
f 853//207 855//207 856//207 854//207
f 855//196 853//196 857//196 858//196
f 859//196 861//196 862//196 860//196
o main
v 36.682861 5.072993 -60.682861
v 36.682861 1.170650 -60.682861
v 42.146240 5.853511 -61.072998
v 41.365723 5.072993 -60.682861
v 41.365723 1.170650 -60.682861
v 36.682861 2.731684 -60.682861
v 39.024292 5.072993 -60.682861
v 41.365723 2.731684 -60.682861
v 35.902344 5.853513 -61.072998
v 38.118408 4.891841 -60.682861
v 39.930176 4.891841 -60.682861
v 37.365723 4.390132 -60.682861
v 40.682861 4.390132 -60.682861
v 36.841309 3.603512 -60.682861
v 41.207275 3.603512 -60.682861
v 36.682861 2.731683 -66.341309
v 39.024292 5.072992 -66.341309
v 41.365723 2.731684 -66.341309
v 38.118408 4.891840 -66.341309
v 39.930176 4.891840 -66.341309
v 37.365723 4.390131 -66.341309
v 40.682861 4.390131 -66.341309
v 36.841309 3.603511 -66.341309
v 41.207275 3.603511 -66.341309
v 41.365723 1.170649 -66.341309
v 36.682861 1.170649 -66.341309
v 23.804688 0.390133 -53.268066
v 23.804688 6.634029 -53.268066
v 28.097412 0.390133 -53.268066
v 28.097412 6.634029 -53.268066
v 29.658447 0.390132 -54.829102
v 29.658447 6.634028 -54.829102
v 29.658447 0.390132 -61.072998
v 29.658447 6.634028 -61.072998
v 35.511963 0.390133 -54.438965
v 28.097412 1.158443 -54.438965
v 28.097412 0.390133 -54.438965
v 35.511963 0.390133 -42.731689
v 30.048584 1.158443 -42.731689
v 30.048584 0.390133 -42.731689
v 30.048584 1.158443 -45.072998
v 17.560791 0.390133 -45.072998
v 23.804688 0.390133 -52.877930
v 23.804688 6.634029 -52.877930
v 23.414551 0.390133 -52.487793
v 23.414551 6.634029 -52.487793
v 17.170654 0.390133 -52.487793
v 17.170654 6.634029 -52.487793
v 16.780273 0.390133 -52.877930
v 16.780273 6.634029 -52.877930
v 16.780273 0.390133 -53.268066
v 16.780273 6.634029 -53.268066
v 10.926758 0.390133 -53.268066
v 10.926758 6.634029 -53.268066
v 10.926758 0.390133 -48.975586
v 10.926758 6.634029 -48.975586
v 11.316895 0.390133 -48.975586
v 11.316895 6.634029 -48.975586
v 11.707275 0.390133 -48.585205
v 11.707275 6.634029 -48.585205
v 11.707275 0.390133 -42.341309
v 11.707275 6.634029 -42.341309
v 11.316895 0.390133 -41.951172
v 11.316895 6.634029 -41.951172
v 10.926758 0.390133 -41.951172
v 10.926758 6.634029 -41.951172
v 10.926758 0.390133 -29.853516
v 10.926758 6.634029 -24.390137
v 6.243896 6.634031 -24.390137
v 6.243896 -1.951171 -24.390137
v 6.243896 6.634031 -31.414551
v 7.804688 6.634031 -31.414551
v 7.804688 6.634030 -41.951172
v 7.804688 4.292477 -41.951172
v 4.292480 6.634030 -41.951172
v 3.902344 6.634030 -42.341309
v 3.902344 6.634029 -48.585205
v 3.902344 4.292476 -48.585205
v 4.292480 6.634029 -48.975586
v 4.292480 4.292476 -48.975586
v 4.682861 6.634029 -48.975586
v 4.682861 6.634028 -61.072998
v 10.926758 0.390133 -54.438965
v 30.048584 0.390133 -45.072998
v 17.560791 0.390133 -29.853516
v 17.560791 1.158444 -36.097412
v 35.902344 1.170649 -61.072998
v 26.926758 -1.951172 -4.877930
v 26.536377 -1.951170 20.487793
v 35.902344 -1.951170 20.487793
v 35.511963 1.158443 -54.438965
v 35.902344 1.158444 -42.341309
v 35.902344 1.170650 -54.829102
v -7.804688 -1.951170 29.463379
v 35.902344 -1.951175 -42.341309
v 29.658447 1.158444 -42.341309
v 35.511963 1.158444 -42.731689
v 29.658447 1.158444 -44.682861
v 17.951172 1.158444 -44.682861
v 17.560791 1.158444 -45.072998
v 17.951172 1.158444 -36.097412
v 35.902344 -1.951173 -15.804688
v 29.670654 -1.951175 -42.341309
v 43.707275 6.634030 -43.902344
v 43.707275 6.634028 -61.072998
v 51.511963 6.634030 -42.341309
v 51.511963 6.634028 -61.072998
v 35.511963 1.170649 -61.072998
v 43.707275 1.560786 -61.072998
v 43.707275 -1.099124 -43.902344
v 45.268066 6.634030 -42.341309
v 45.268066 -1.099124 -42.341309
v 51.511963 -1.099124 -42.341309
v 48.390137 4.304684 -42.341309
v 48.390137 -0.390140 -42.341309
v 48.390137 4.304686 -29.853516
v 48.390137 -0.390139 -29.853516
v 48.780273 5.085202 -42.341309
v 48.780273 5.085203 -29.853516
v 51.511963 5.072995 -42.341309
v 51.511963 5.072996 -29.853516
v 45.268066 -1.170656 -29.853516
v 45.268066 6.634031 -29.853516
v 51.511963 -1.170656 -29.853516
v 51.511963 6.634031 -29.853516
v 43.707275 -1.560793 -28.292480
v 43.707275 6.634032 -28.292480
v 43.707275 -1.560793 -12.682862
v 43.707275 6.634032 -12.682863
v 45.268066 -1.560793 -11.121826
v 45.268066 6.634032 -11.121827
v 51.511963 -1.560793 -11.121826
v 51.511963 6.634032 -11.121827
v 48.780273 5.085204 -11.121826
v 48.390137 4.304687 -11.121826
v 48.780273 5.085206 6.048584
v 48.390137 4.304688 6.048584
v 51.511963 5.072997 -11.121826
v 51.511963 5.072999 6.048584
v 48.390137 -0.390137 -11.121826
v 48.390137 -0.390136 6.048584
v 35.902344 -1.951172 -4.877930
v 36.292480 5.853515 -15.414551
v 33.560791 5.072997 -18.146240
v 36.682861 5.072997 -18.146240
v 33.560791 5.072997 -15.024170
v 33.560791 -1.951173 -15.024170
v 33.560791 -1.951173 -18.146240
v 36.682861 -1.951173 -18.146240
v 36.682861 -1.951173 -15.024170
v 36.682861 5.072997 -15.024170
v 35.902344 4.292479 -15.804688
v 35.902344 -1.951174 -36.097412
v 35.902344 4.292477 -36.097412
v 35.511963 5.072997 -16.195068
v 35.511963 5.072995 -35.707275
v 35.902344 -1.951175 -15.804688
v 35.902344 4.292478 -15.804688
v 35.511963 5.072997 -16.195068
v 20.292480 -1.951174 -15.804688
v 20.292480 4.292479 -15.804688
v 20.292480 5.072997 -16.195068
v 17.170654 -1.951173 -12.682861
v 17.170654 4.292480 -12.682862
v 16.780273 5.072997 -12.682861
v 35.511963 5.072996 -35.707275
v 17.560791 5.072997 -35.707275
v 35.902344 4.304685 -36.097412
v 17.170654 4.292477 -36.097412
v 29.658447 -1.951175 -36.097412
v 17.170654 -5.073001 -36.097412
v 35.902344 -1.951175 -36.097412
v 17.170654 4.292478 -20.487793
v 17.170654 -5.073000 -20.487793
v 17.560791 5.072997 -20.487793
v 10.926758 -1.951174 -24.390137
v 6.243896 4.292478 -31.414551
v 7.804688 4.292478 -31.414551
v 4.292480 4.292477 -41.951172
v 3.902344 4.292477 -42.341309
v 4.682861 4.292476 -48.975586
v 4.682861 4.292475 -61.072998
v 10.926758 -1.951174 -29.853516
v 17.170654 -1.951174 -29.853516
v 36.292480 5.853513 -36.487793
v 33.951172 5.853513 -36.487793
v 33.951172 5.853514 -34.146240
v 36.292480 5.853514 -34.146240
v 33.951172 5.853515 -17.755859
v 33.951172 5.853515 -15.414551
v 36.292480 5.853515 -17.755859
v 33.560791 5.072995 -36.877930
v 36.682861 5.072996 -33.755859
v 33.560791 5.072996 -33.755859
v 36.682861 5.072995 -36.877930
v 33.560791 -1.951174 -33.755859
v 33.560791 -1.951174 -36.877930
v 36.682861 -1.951174 -36.877930
v 36.682861 -1.951174 -33.755859
v 17.170654 -1.951173 -4.877930
v 17.170654 4.292480 -4.877931
v 16.780273 5.072997 -4.487793
v 16.390137 5.072998 -0.195314
v 32.780273 5.072999 20.097412
v 25.755859 5.072999 20.097168
v 16.390137 5.072999 5.268065
v 25.755859 5.072999 5.268065
v 32.780273 5.072999 11.121826
v 27.707275 5.072999 11.121826
v 27.708984 5.069335 -3.316895
v 7.414551 -1.951172 0.975586
v 26.536377 5.072996 -4.487793
v 13.268066 5.072998 -0.195068
v 7.414551 6.634033 0.975586
v 13.268066 5.072997 -17.755859
v 7.414551 -1.951172 1.755859
v 7.414551 6.634033 1.755859
v 7.804688 -1.951172 2.146240
v 7.804688 6.634033 2.146240
v 14.048584 -1.951172 2.146240
v 14.048584 6.634033 2.146240
v 14.438965 6.634033 -4.487793
v 14.048584 6.634033 -4.877931
v 16.780273 5.072997 -4.487793
v 14.438965 5.072998 -4.487793
v 14.048584 5.072998 -4.877931
v 12.877930 6.634033 -4.877931
v 12.877930 5.072998 -4.877931
v 14.438965 6.634033 1.755859
v 14.438965 5.072998 1.755859
v 26.926758 4.292480 -4.877931
v 26.536377 5.072996 -4.487793
v 17.170654 2.731688 -4.877930
v 23.414551 2.731688 -4.877930
v 23.414551 -1.951172 -4.877931
v 28.099365 -1.954833 -3.707032
v 28.099365 4.288819 -3.707033
v 27.708984 5.069335 -3.316895
v 24.587158 -1.954833 -3.707033
v 28.097656 -1.951170 10.731689
v 28.097656 4.292482 10.731689
v 27.707275 5.072999 11.121826
v 8.195068 -1.951170 20.487793
v 8.195068 6.634035 20.487793
v 7.411377 -1.951170 20.487793
v 7.411377 6.634035 20.487793
v 8.585205 -1.951170 20.097412
v 8.585205 6.634035 20.097412
v 8.585205 -1.951171 13.853515
v 8.585205 6.634034 13.853514
v 8.195068 -1.951171 13.463379
v 8.195068 6.634034 13.463378
v 7.414551 -1.951171 13.463379
v 7.414551 6.634034 13.463378
v 7.804688 5.853517 13.463379
v 7.412354 6.634034 13.463377
v 7.804688 5.853517 9.170654
v 7.414551 6.634034 9.365722
v 7.804688 -1.951171 13.463378
v 7.804688 -1.951171 9.170653
v 6.243652 5.853517 7.609618
v 6.048584 6.633790 7.999755
v 6.243652 -1.951171 7.609618
v 5.072998 5.853517 7.609619
v 5.072998 6.634034 8.000000
v 5.072998 -1.951171 7.609618
v 5.072998 -1.951171 7.219238
v 5.072998 6.634034 7.219238
v 4.682861 -1.951172 6.829103
v 4.682861 6.634034 6.829102
v 5.072998 -1.951171 8.000000
v 5.072998 6.634034 8.000000
v -1.560791 -1.951172 6.829102
v -1.560791 6.634034 6.829102
v -1.951172 -1.951171 7.219482
v -1.951172 6.634034 7.219481
v -1.951172 -1.951171 8.000000
v -1.951172 6.634034 8.000000
v -1.951172 5.853517 7.609620
v -3.121826 5.853517 7.609619
v -1.951172 -1.951171 7.609620
v -3.121826 -1.951171 7.609619
v -4.682861 5.853271 9.170654
v -4.682861 -1.951416 9.170654
v -4.682861 5.841310 13.853516
v -4.682861 1.951173 13.853516
v -2.926758 6.633790 7.999755
v -4.292480 6.634033 9.365722
v -4.289551 6.634034 13.853514
v 7.804688 5.841311 24.780273
v 7.414551 6.634035 24.390137
v 7.804688 5.841311 20.487549
v 7.414551 6.621828 20.487793
v 7.804688 -1.963377 24.780273
v 7.804688 -1.963377 20.487549
v 6.243896 5.841555 26.341309
v 6.243896 -1.963133 26.341309
v -3.121826 5.853518 26.341309
v -3.121826 -1.951170 26.341309
v -9.365723 -1.951171 9.170654
v -13.658447 -1.951172 2.146240
v -13.658447 1.951172 2.146240
v -14.048584 -1.951172 1.365723
v -10.926758 -1.951172 -1.755859
v -13.658447 -1.951172 6.829102
v -13.658447 1.951172 6.829102
v -14.048584 -1.951171 7.609619
v -14.048584 2.731445 1.365723
v -14.048584 2.731446 7.609619
v -4.682861 -1.951416 9.170654
v -7.804688 -1.951171 10.731689
v -14.048584 3.511963 1.365723
v -14.048584 3.511964 7.609619
v -9.365723 3.511964 9.170654
v -10.926758 -1.951171 7.609619
v -10.926758 3.511963 7.609619
v -14.048584 -1.951171 7.609619
v -14.048584 3.511963 7.609619
v -10.926758 -1.951172 1.365723
v -10.926758 3.511963 1.365723
v -14.048584 -1.951171 1.365723
v -14.048584 3.511963 1.365723
v -9.365723 -1.951172 -0.195068
v -9.365723 3.511963 -0.195068
v -9.365723 -1.951172 -3.516001
v -9.365723 3.511962 -3.516001
v -9.365723 3.511964 12.348785
v -9.365723 5.841309 -3.516002
v -9.365723 5.841311 12.348785
v -9.755859 6.634033 -3.516002
v -9.755859 6.634034 12.348784
v -7.804688 1.951173 13.853516
v 5.853516 6.646242 25.951172
v -2.719238 6.646242 25.951172
v -4.682861 5.853273 24.780273
v -3.902100 6.634035 24.780273
v -4.682861 1.951174 24.780273
v -4.682861 1.170657 24.780273
v -3.902100 6.634035 24.780273
v -7.804688 1.170657 24.780273
v -8.963379 6.634035 24.780273
v 14.048584 -1.951170 29.463379
v -49.560791 5.073001 34.926758
v -49.560791 1.170657 34.926758
v -49.951172 5.853519 35.707275
v -49.951172 1.170657 35.707275
v -49.560791 5.073000 30.243652
v -35.902344 1.758792 38.048584
v -49.951172 5.853518 29.463379
v -49.560791 1.170656 30.243896
v -35.902344 7.414554 38.048584
v -49.951172 1.170656 29.463379
v -18.731689 1.170656 29.463379
v -18.731689 5.853518 29.463379
v -17.170654 5.853518 29.463379
v -17.170654 1.170656 29.463379
v -19.121826 5.073000 30.243896
v -17.170654 5.853519 35.707275
v -16.780273 5.073001 34.926758
v -16.780273 5.073000 30.243896
v -18.731689 5.853519 35.707275
v -16.780273 1.170656 30.243896
v -19.121826 1.170656 30.243652
v -19.121826 5.073000 30.243652
v -19.121826 1.170657 34.926758
v -19.121826 5.073001 34.926758
v -16.780273 1.170657 34.926758
v -18.731689 1.170657 35.707275
v -17.170654 1.170657 35.707275
v 13.658447 -1.951169 34.926758
v 14.048584 -1.951169 35.707275
v 14.048584 2.731692 35.707275
v 13.658447 -1.951170 30.243652
v 13.658447 1.951174 30.243652
v 14.048584 2.731691 29.463379
v 13.658447 1.951175 34.926758
v -8.975586 6.634034 -3.516002
v -7.804688 1.951174 29.463379
v -10.926758 1.951174 29.463379
v -10.926758 1.951174 26.341309
v -7.804688 1.951174 26.341309
v -7.804688 6.634035 26.341309
v -10.926758 6.634035 26.349447
v -10.548584 7.414553 29.085205
v -10.548584 7.414553 26.737793
v -10.926758 6.634035 29.463379
v -7.804688 6.634035 29.463379
v -10.926758 1.951174 29.463379
v -10.926758 5.073000 28.682861
v -17.170654 5.073000 28.682861
v -17.170654 1.951174 29.463379
v -10.926758 5.841311 28.682861
v -10.926758 6.634035 28.292480
v -17.170654 6.634035 28.292480
v -17.170654 5.841311 28.682861
v -7.804688 1.170656 24.000000
v -7.804688 1.951174 24.000000
v -4.682861 1.951174 24.000000
v -4.682861 1.170656 24.000000
v -8.585205 1.951174 24.780273
v -8.585205 5.865725 24.780273
v -8.585205 5.865725 26.341309
v -8.585205 1.951174 26.341309
v -8.963379 6.634035 26.341309
v -8.585205 5.865725 26.341309
v -8.585205 5.865725 24.780273
v -8.963379 6.634035 24.780273
v -8.585205 5.048586 24.780273
v -8.585205 5.048586 26.341309
v -7.804688 1.951174 26.341309
v -7.804688 1.951174 24.780273
v -4.682861 1.170655 14.634033
v -4.682861 1.951173 14.634033
v -7.804688 1.951173 14.634033
v -7.804688 1.170655 14.634033
v -4.682861 1.951173 14.634033
v -4.682861 1.170655 13.853516
v -4.682861 1.951174 24.000000
v -7.804688 1.951173 14.634033
v -4.682861 1.170656 24.780273
v -7.804688 1.951174 24.000000
v -7.804688 1.170656 24.780273
v -7.804688 1.170656 24.000000
v -4.682861 1.170656 24.000000
v -4.682861 1.170655 14.634033
v -7.804688 1.170655 14.634033
v -7.804688 1.170655 13.853516
v 1.554688 5.853519 38.829102
v -7.817139 1.951175 38.829102
v 1.560791 -0.390134 38.829102
v -17.170654 1.951175 38.829102
v -17.170654 5.853519 38.829102
v 1.951172 6.634036 39.219482
v -17.170654 6.634036 39.219482
v 1.554688 5.853519 37.268066
v 1.560791 -0.780515 37.268066
v 3.115723 5.853519 35.707275
v 3.121826 -1.951169 35.707275
v 3.511963 6.634036 36.097412
v 14.042480 5.853519 35.707275
v 14.048584 -1.951169 35.707275
v 14.438965 6.634036 36.097412
v 1.951172 6.634036 37.658447
v 14.042480 5.853518 24.780273
v 14.048584 -1.951170 24.780273
v 14.438965 6.634035 25.170410
v 15.603271 5.853518 23.219482
v 15.609375 -1.951170 23.219482
v 15.999756 6.634035 23.609619
v 23.408203 5.853518 23.219482
v 23.408203 5.853518 23.219482
v 23.804688 6.634035 23.609619
v 23.411255 2.731691 23.219482
v 17.170654 -1.951170 23.219482
v 17.170654 2.731447 23.219482
v 23.804688 6.634035 23.609619
v 23.411255 -1.951171 23.219482
v 23.408203 5.853518 7.609619
v 23.804688 6.634035 7.219481
v 23.411255 -1.951171 7.609619
v 15.603516 5.853517 7.603516
v 16.000000 6.634034 7.213378
v 23.409729 2.731691 7.609619
v 23.408203 5.853518 7.609619
v 15.603516 5.853517 7.603516
v 15.606567 -1.951172 7.603516
v 17.172180 -1.951171 7.606567
v 17.170654 2.731690 7.606567
v 15.603516 5.853517 7.603516
v 16.000000 6.634034 7.213378
v 15.603516 5.853517 7.603516
v 15.606567 -1.951172 7.603516
v 14.042480 5.853517 6.036377
v 14.438965 6.634034 5.646240
v 14.042480 5.853517 6.036377
v 14.045532 -1.951172 6.036377
v 14.042480 5.853517 2.146240
v 14.045532 -1.951172 2.146240
v 26.926758 -1.951172 -4.877930
v -42.146240 1.758792 38.048584
v -42.146240 7.414554 38.048584
v -35.511963 1.758792 38.438965
v -35.511963 7.414554 38.438965
v -35.511963 1.758793 41.951172
v -35.511963 7.414554 41.951172
v -42.536377 1.758792 38.438965
v -42.536377 7.414554 38.438965
v -42.536377 1.758793 41.951172
v -42.536377 7.414554 41.951172
v -49.951172 5.853518 38.829102
v -49.951172 6.634036 39.219482
v -18.731689 5.853519 38.829102
v -18.341309 6.634037 39.219482
v -49.951172 1.951175 38.829102
v -18.731689 1.951176 38.829102
v -18.341309 6.634035 19.707275
v -18.731689 1.170656 20.097412
v -18.731689 5.853518 20.097412
v -42.536377 6.634036 39.219482
v -35.511963 6.634036 39.219482
v -30.048584 6.634036 39.219482
v -23.024170 6.634036 39.219482
v -23.024170 5.853519 38.829102
v -30.048584 5.853519 38.829102
v -35.511963 5.853519 38.829102
v -42.536377 5.853518 38.829102
v -23.024170 1.951175 38.829102
v -30.048584 1.951175 38.829102
v -35.511963 1.951175 38.829102
v -42.536377 1.951175 38.829102
v -8.201172 7.414553 29.085205
v -8.201172 7.414553 26.737793
v -29.658447 -1.951171 7.609619
v -30.048584 -1.951172 6.829102
v -29.658447 2.731689 7.609619
v -30.048584 1.951173 6.829103
v -30.048584 -1.951172 2.146240
v -30.048584 1.951172 2.146240
v -29.658447 -1.951172 1.365723
v -29.658447 2.731689 1.365723
v -29.715576 5.853517 10.341309
v -29.715576 -1.951171 10.341308
v -29.715576 5.853516 -3.316896
v -29.715576 -1.951171 -3.316896
v -29.268066 6.621827 10.341307
v -29.268066 6.621827 -3.707275
v -30.438965 -1.951173 10.731689
v -30.438965 6.634034 10.731688
v -30.048584 -1.951173 10.341309
v -30.048584 6.634034 10.341308
v -29.255859 -1.951173 10.341309
v -29.255859 6.634034 10.341308
v -30.438965 -1.951172 16.975586
v -30.438965 6.634035 16.975586
v -30.048584 1.951173 17.365723
v -30.048584 6.634035 17.365723
v -30.438965 1.951173 16.975586
v -29.268066 1.951173 17.365723
v -19.902344 6.634035 19.707275
v -19.902344 5.853518 20.109619
v -19.902344 1.170656 20.109619
v -8.975586 6.634035 28.292480
v -18.731689 5.853518 20.109619
v -18.731689 1.170656 20.109619
v -29.658447 5.853519 19.316895
v -29.658447 1.170656 19.316895
v -28.877930 5.853518 20.097412
v -28.877930 1.170654 20.097412
v -26.926758 5.853518 20.097412
v -26.926758 1.170654 20.097412
v -29.268311 6.634036 18.926758
v -28.487793 6.634035 19.707275
v -26.926758 6.634035 19.707275
v -26.926758 6.634034 20.487795
v -26.926758 1.170656 20.487793
v -26.536377 6.634035 20.877930
v -26.536377 1.170656 20.877928
v -20.292480 6.634035 20.877930
v -20.292480 1.170656 20.877928
v -26.926758 6.634035 19.707275
v -26.926758 1.170656 19.707273
v -19.902344 6.634035 20.487793
v -19.902344 1.170656 20.487791
v -19.902344 6.634035 19.707275
v -19.902344 1.170656 19.707273
v -29.658203 5.853518 17.365723
v -29.658203 1.170654 17.365723
v -29.268066 6.634035 17.365723
v -23.414551 1.758792 38.048584
v -23.414551 7.414554 38.048584
v -29.658447 1.758792 38.048584
v -29.658447 7.414554 38.048584
v -23.024170 1.758792 38.438965
v -23.024170 7.414554 38.438965
v -23.024170 1.758793 41.951172
v -23.024170 7.414554 41.951172
v -30.048584 1.758792 38.438965
v -30.048584 7.414554 38.438965
v -30.048584 1.758793 41.951172
v -30.048584 7.414554 41.951172
v -49.951172 5.853518 38.829102
v -49.951172 1.170657 38.829102
v -49.951172 5.853518 24.780273
v -49.951172 1.170656 25.951172
v -45.268066 1.951174 25.560791
v -30.048584 7.414554 41.951172
v -30.048584 7.414554 38.438965
v -23.024170 7.414554 38.438965
v -23.024170 7.414554 41.951172
v -29.658447 7.414554 38.048584
v -23.414551 7.414554 38.048584
v -45.658447 1.951174 29.463379
v -45.658447 1.951174 25.951172
v -45.268066 1.951174 29.463379
v -42.536377 7.414554 41.951172
v -42.536377 7.414554 38.438965
v -35.511963 7.414554 38.438965
v -35.511963 7.414554 41.951172
v -42.146240 7.414554 38.048584
v -35.902344 7.414554 38.048584
v -45.268066 1.951174 25.560791
v -46.829102 7.414552 20.877930
v -45.268066 1.951174 20.877930
v -46.829102 8.195070 20.877930
v -47.609619 8.195070 24.780273
v -50.341309 8.195070 24.780273
v -46.829102 7.402346 24.000000
v -46.829102 8.195070 24.000000
v -50.341309 8.207278 50.146240
v -49.951172 5.853519 49.755859
v -49.951172 5.853518 24.780273
v -49.951172 7.426760 24.780273
v -49.951172 7.426761 49.755859
v -47.609619 7.414553 24.780273
v -45.268066 1.963380 20.097412
v -45.268066 1.951173 20.877930
v -46.048584 4.694826 20.877930
v -45.268066 8.195070 20.097412
v -46.048584 8.195070 20.877930
v -46.829102 4.694826 20.877930
v -46.829102 8.195070 20.877930
v -29.658447 1.951173 17.365723
v -39.024170 1.170656 29.463379
v -39.024170 1.951174 29.463379
v -39.024170 1.951173 16.975586
v -39.024170 -1.951171 16.975586
v -38.634033 1.951174 29.463379
v -38.634033 1.170656 29.463379
v -29.658447 1.170655 17.365723
v -38.634033 1.951173 17.365723
v -38.634033 1.170655 17.365723
v -29.658447 1.951173 16.975586
v -29.658447 -1.951171 16.975586
v -45.268066 1.170656 25.560791
v -46.048584 1.951174 26.341309
v -46.048584 1.170656 26.341309
v -49.951172 1.951174 26.341309
v -49.951172 1.170656 26.341309
v -45.268066 1.963380 13.853515
v -45.268066 8.195068 13.853514
v -46.048584 1.963380 13.072998
v -46.048584 8.195069 13.072997
v -46.829102 1.963380 13.072998
v -46.829102 8.195069 13.072997
v -45.268066 1.963380 7.609620
v -45.268066 8.195069 7.609619
v -46.048584 1.963380 8.390137
v -46.048584 8.195069 8.390136
v -46.829102 1.963380 8.390137
v -46.829102 8.195069 8.390136
v -45.268066 1.963380 1.365723
v -45.268066 8.195067 1.365723
v -46.048584 8.195068 0.585204
v -46.829102 8.195068 0.585204
v -46.048584 4.695067 0.585205
v -46.829102 7.426758 0.585204
v -40.585205 8.195068 -1.755860
v -40.585205 -1.170654 -1.755859
v -40.195068 8.195068 -2.146241
v -40.195068 -1.170654 -2.146240
v -46.829102 8.195068 -1.755860
v -46.829102 -1.170654 -1.755859
v -40.195068 8.195066 -8.390138
v -40.195068 6.634033 -8.390137
v -45.268066 -1.951172 -1.755859
v -45.268066 1.963379 -1.755859
v -45.268066 -1.951171 16.975586
v -45.268066 1.963381 20.097412
v -45.268066 1.170656 29.463379
v -45.658447 1.170656 29.463379
v -45.658447 1.951174 29.463379
v -45.658447 1.951174 25.951172
v -45.658447 1.170656 25.951172
v -45.268066 1.951174 29.463379
v -10.926758 -1.951173 1.365723
v -7.804688 -1.951173 1.365723
v -7.804688 -1.951172 -1.755859
v -4.682861 -1.951415 24.780273
v 34.341309 6.634034 6.048584
v 34.341309 -1.951171 6.048584
v 51.511963 6.634034 6.048584
v 51.511963 -1.951171 6.048584
v 32.780273 6.634034 7.609619
v 32.780273 -1.951171 7.609619
v 32.780273 6.634035 20.487793
v 32.780273 -1.951170 20.487793
v 35.902344 -1.170654 6.048584
v 35.121826 -1.170654 6.048584
v 35.121826 -1.170654 -4.877930
v 35.902344 -1.170654 -4.877930
v 35.902344 -1.951172 6.048584
v 35.902344 -1.951172 -4.877930
v 35.902344 -1.170654 6.048584
v 35.121826 -1.951172 6.048584
v 35.121826 -1.170654 6.048584
v 35.121826 -1.170654 -4.877930
v 35.121826 -1.951172 -4.877930
v 35.902344 -1.170654 -4.877930
v 17.951172 -4.877934 -42.341309
v 29.658447 1.158444 -44.682861
v 29.670654 -1.658450 -44.682861
v 29.658447 1.158444 -44.682861
v 29.670654 -1.658450 -44.682861
v 17.951172 -4.585227 -44.682865
v 17.951172 -1.170657 -42.341309
v 17.951172 -1.170657 -36.097412
v 17.951172 1.158444 -44.682861
v 17.951172 1.158444 -36.097412
v 17.170654 -0.390140 -42.341309
v 17.170654 -5.073001 -42.341309
v 17.170654 -0.390141 -47.804688
v 17.170654 -5.073002 -47.804688
v 17.170654 -0.390139 -36.097412
v 17.170654 -0.390141 -47.804688
v 6.243896 -0.390140 -44.682861
v 6.243896 -0.390141 -47.804688
v -1.560791 -3.609622 -34.536377
v 7.036377 -0.390140 -36.097412
v 3.902344 -0.390140 -42.341309
v 4.695068 -0.390140 -34.536377
v -0.780273 -0.390140 -42.341309
v -0.780273 -0.390140 -34.536377
v 6.243896 -5.073002 -44.682861
v 3.902344 -5.073002 -42.341309
v -0.780273 -3.609622 -42.341309
v -1.560791 -5.073002 -42.341309
v 6.243896 -0.390141 -47.804688
v 6.243896 -5.073002 -47.804688
v 7.036377 -0.390140 -36.097412
v 7.036377 -5.073001 -36.097412
v 4.695068 -0.390140 -34.536377
v 4.695068 -5.073001 -34.536377
v -0.780273 -3.609622 -34.536377
v -1.560791 -5.073000 -34.536377
v -0.780273 -0.390140 -34.536377
v 17.170654 -0.390140 -36.097412
v 17.170654 -5.073001 -36.097412
v -0.780273 -0.390140 -42.341309
v -1.560791 -3.609622 -42.341309
v -1.951173 4.292478 -39.609863
v -2.341309 4.292478 -40.000000
v -2.341309 4.292477 -46.243896
v -2.341309 0.780269 -46.243896
v -1.951173 4.292477 -46.634277
v -1.951173 0.390133 -46.634277
v 0.390137 4.292477 -46.634277
v -1.951173 0.390134 -39.609863
v -2.341309 0.780270 -40.000000
v 0.390137 4.292478 -39.609863
v -1.560791 0.390133 -46.634277
v -1.560791 0.390134 -39.609863
v -1.951173 4.292478 -27.902344
v -2.341309 4.292478 -28.292480
v -2.341309 4.292477 -34.536377
v -2.341309 0.780269 -34.536377
v -1.951173 4.292477 -34.926758
v -1.951173 0.390133 -34.926758
v 0.390137 4.292477 -34.926758
v -1.951173 0.390134 -27.902344
v -2.341309 0.780270 -28.292480
v 0.390137 4.292478 -27.902344
v -1.560791 0.390133 -34.926758
v -1.560791 0.390134 -27.902344
v 0.390137 4.292476 -34.926758
v 0.000000 3.511961 -34.926758
v -1.560791 1.951169 -34.926758
v -1.560791 0.390134 -34.926758
v 0.390137 4.292476 -53.743896
v 0.000000 3.511961 -53.743896
v -1.560791 1.951169 -53.743896
v -1.560791 0.390134 -53.743896
v -1.560791 -5.073000 -31.414551
v -1.560791 -5.073001 -42.341309
v -1.560791 0.377928 -31.414551
v -1.560791 -5.073002 -47.804688
v -1.560791 0.377928 -47.804688
v -1.560791 -1.170657 -42.341309
v -1.560791 -5.073000 -34.536377
v -1.560791 -1.170657 -34.536377
v -1.560791 -5.073000 -26.731689
v -1.560791 0.377928 -27.902344
v -1.560791 4.292478 -26.731689
v -1.560791 4.292478 -27.902344
v -1.560791 -0.390139 -26.731689
v -7.804688 -0.390139 -26.731445
v -1.560791 4.292479 -26.731934
v -8.195068 4.292478 -26.731689
v 6.243896 3.511961 -25.158447
v 6.243896 -1.951174 -25.158447
v -1.560791 -0.390139 -25.158447
v -1.560791 -1.951174 -25.158447
v -7.804688 3.511961 -25.158447
v -7.804688 -0.390139 -25.158447
v 6.243896 4.292478 -25.548584
v -8.195068 4.292478 -25.548584
v -7.804688 -5.072999 -33.755859
v -7.804688 3.511960 -33.743896
v -7.804688 -5.072999 -23.609070
v -7.804688 3.511961 -23.597107
v -10.146240 -5.084963 -36.109375
v -10.146240 3.499998 -36.097412
v -8.207275 4.304685 -33.353516
v -10.548828 4.292722 -35.707031
v -7.804688 3.511961 -23.597107
v -8.207275 4.304685 -23.597107
v -14.048584 -5.084963 -36.109375
v -26.511963 3.499998 -36.097412
v -26.914551 4.292722 -35.707031
v -26.511963 -1.951175 -36.097412
v -46.829102 2.731686 -36.097412
v -46.829102 -1.951175 -36.097412
v -46.438965 -1.951175 -36.877930
v -46.438965 1.951169 -36.877930
v -46.829102 2.731686 -42.341309
v -46.438965 1.951169 -41.560791
v -46.829102 -1.951175 -42.341309
v -46.438965 -1.951175 -41.560791
v -46.829102 -1.951174 -34.341309
v -46.829102 3.511960 -34.341309
v -47.219482 4.292478 -34.536377
v -46.829102 -1.951174 -67.329102
v -46.829102 3.511960 -67.329102
v -47.219482 4.292478 -67.329102
v -49.950928 -1.951177 -70.438721
v -49.950928 3.511958 -70.438721
v -56.975586 -1.951178 -70.438965
v -56.975586 3.511714 -70.438965
v -56.975586 -1.951178 -75.902344
v -56.975586 3.511957 -75.902344
v -41.353516 -1.951178 -75.902344
v -41.353516 3.511957 -75.902344
v -41.365723 -1.951176 -57.951172
v -39.804688 3.511959 -56.390137
v -49.949463 4.292720 -70.048584
v -57.365723 4.292475 -70.048584
v -57.365723 4.292718 -76.292480
v -39.804688 -1.951175 -56.377930
v -40.975586 4.292718 -76.292480
v -41.365723 3.511957 -57.963379
v -40.975586 4.292718 -58.353516
v -39.414551 4.292719 -56.780273
v -30.438965 3.511715 -56.390137
v -30.438965 -1.951418 -56.377930
v -30.243652 4.292476 -56.780273
v -28.097412 3.511959 -54.048584
v -28.097412 -1.951174 -54.036377
v -27.707275 4.292476 -54.243896
v -28.097412 3.511959 -31.414551
v -27.707275 4.292476 -31.024170
v -32.000000 2.731685 -56.390137
v -38.243896 2.731685 -56.390137
v -32.000000 -1.951176 -56.390137
v -32.780273 -1.951176 -56.000000
v -32.780273 1.951168 -56.000000
v -38.243896 -1.951176 -56.390137
v -37.463379 -1.951176 -56.000000
v -37.463379 1.951168 -56.000000
v -28.097412 1.951168 -52.085205
v -28.097412 2.743892 -52.487793
v -28.097412 3.521725 -50.919434
v -28.097412 2.745113 -49.560059
v -28.097412 1.560787 -50.146240
v -26.536377 2.743892 -52.487793
v -26.536377 2.745113 -49.560059
v -28.097412 3.524167 -48.585205
v -28.097412 3.511959 -54.048584
v -28.097412 1.077266 -48.585205
v -28.097412 1.077266 -54.048828
v -28.097412 -1.951175 -48.585205
v -28.097412 -1.951175 -54.048828
v -28.097412 3.524167 -48.585205
v -28.097412 -1.951175 -48.585205
v -28.097412 2.731686 -42.341309
v -28.097412 -1.950931 -42.341309
v -28.097412 2.731686 -36.097412
v -28.097412 3.511959 -31.414551
v -28.097412 -1.951175 -36.097412
v -28.097412 -1.951175 -31.414551
v -26.536377 3.524167 -48.585205
v -26.536377 -1.951175 -48.585205
v -26.536377 2.731686 -42.341309
v -26.536377 -1.950931 -42.341309
v -26.536377 2.731686 -36.097412
v -26.536377 3.511959 -36.097412
v -26.914551 4.292722 -53.268066
v -26.536377 3.511959 -53.063965
v -26.536377 1.077266 -54.048828
v -26.536377 1.077266 -48.585205
v -26.536377 3.511959 -54.048584
v -26.536377 3.524167 -48.585205
v -26.536377 1.560787 -50.146240
v -26.536377 3.521725 -50.919434
v -26.536377 1.951168 -52.085205
v -26.536377 -1.951175 -48.585205
v -26.536377 -1.951175 -54.048828
v -37.853516 -0.390142 -56.195068
v -37.463379 -0.390141 -56.000000
v -37.853516 -0.390140 -45.853516
v -37.463379 -0.390140 -45.463379
v -37.853516 -1.170659 -56.195068
v -37.853516 -1.170658 -45.853516
v -37.463379 -1.951176 -56.000000
v -37.463379 -1.951175 -45.463379
v -40.585205 -0.390140 -45.853516
v -40.585205 -0.390140 -45.463379
v -40.585205 -1.170658 -45.853516
v -40.585205 -1.170658 -45.463379
v -46.829102 -1.951175 -45.463379
v -43.707275 -1.170658 -45.853516
v -43.707275 -0.390140 -45.853516
v -43.707275 -0.390140 -45.463379
v -43.707275 -1.170658 -45.463379
v -46.829102 -0.390140 -45.463379
v -46.829102 -1.170658 -45.853516
v -46.829102 -0.390140 -45.853516
v -43.707275 -0.390140 -45.853516
v -43.707275 -0.390140 -45.463379
v -46.829102 -0.390140 -45.463379
v -46.829102 -0.390140 -45.853516
v -46.829102 -1.170658 -45.853516
v -37.853516 -1.170658 -45.853516
v -46.829102 -1.170658 -56.390137
v -37.853516 -1.170658 -56.390137
v -43.707275 -1.170658 -45.853516
v -40.585205 -1.170658 -45.853516
v -43.707275 -1.170658 -45.463379
v -40.585205 -1.170658 -45.463379
v -39.804688 -1.170658 -56.390137
v -37.853516 -1.170657 -51.121826
v -46.829102 -1.170658 -67.316895
v -41.365723 -1.170658 -57.951172
v -41.365723 -1.170660 -75.902344
v -49.951172 -1.170659 -70.438965
v -56.975586 -1.170416 -75.902344
v -56.975586 -1.170659 -70.438965
v -46.438965 5.072994 -49.755859
v -46.438965 -1.170658 -49.755859
v -46.048584 5.072994 -50.146240
v -46.048584 -1.170658 -50.146240
v -46.048584 5.072994 -56.390137
v -46.048584 -1.170659 -56.390137
v -46.438965 5.072994 -56.780273
v -46.438965 -1.170659 -56.780273
v -53.072998 5.072994 -56.780273
v -53.072998 -1.170659 -56.780273
v -53.072998 5.072994 -49.755859
v -53.072998 -1.170658 -49.755859
v -50.341309 5.072992 -75.511963
v -50.341309 -1.170660 -75.511963
v -49.951172 5.072992 -75.121826
v -49.951172 -1.170660 -75.121826
v -43.707275 5.072992 -75.121826
v -43.707275 -1.170660 -75.121826
v -50.341309 5.072992 -78.243896
v -50.341309 -1.170660 -78.243896
v -43.316895 5.072992 -75.511963
v -43.316895 -1.170660 -75.511963
v -43.316895 5.072992 -78.243896
v -43.316895 -1.170660 -78.243896
v -48.780273 -1.951174 -32.390137
v -48.780273 3.511960 -32.390137
v -48.780273 4.292478 -32.975586
v -7.804688 1.951174 28.682861
v -4.682861 1.170655 13.853516
v -4.289551 6.634034 13.853514
v -7.804688 1.170655 13.853516
v -7.804688 6.634034 13.853515
v -17.170654 1.951175 38.829102
v -17.170654 5.853519 38.829102
v -17.170654 5.853518 28.682861
v -17.170654 1.170656 28.682861
v -19.121826 2.731692 30.243896
v -16.780273 2.731447 30.243896
v -19.121826 3.603763 30.402344
v -16.780273 3.603518 30.402344
v -19.121826 4.390384 30.926758
v -16.780273 4.390140 30.926758
v -19.121826 4.892093 31.679199
v -16.780273 4.891849 31.679199
v -19.121826 5.073245 32.585205
v -16.780273 5.073000 32.585205
v -19.121826 4.892093 33.491455
v -16.780273 4.891849 33.491455
v -19.121826 4.390384 34.243896
v -16.780273 4.390140 34.243896
v -19.121826 3.603763 34.768066
v -16.780273 3.603519 34.768066
v -19.121826 2.731936 34.926758
v -16.780273 2.731692 34.926758
v -19.121826 1.170901 34.926758
v -16.780273 1.170657 34.926758
v -19.121826 1.170900 30.243896
v -16.780273 1.170656 30.243896
v -16.780273 5.073000 30.243896
v -16.780273 2.731447 30.243896
v -16.780273 3.603518 30.402344
v -16.780273 4.390140 30.926758
v -16.780273 4.891849 31.679199
v -16.780273 5.073000 32.585205
v -16.780273 5.073001 34.926758
v -16.780273 5.073000 32.585205
v -16.780273 4.891849 33.491455
v -16.780273 4.390140 34.243896
v -16.780273 3.603519 34.768066
v -16.780273 2.731692 34.926758
v -19.121826 5.073000 30.243896
v -19.121826 2.731447 30.243896
v -19.121826 3.603518 30.402344
v -19.121826 4.390140 30.926758
v -19.121826 4.891849 31.679199
v -19.121826 5.073000 32.585205
v -19.121826 5.073001 34.926758
v -19.121826 5.073000 32.585205
v -19.121826 4.891849 33.491455
v -19.121826 4.390140 34.243896
v -19.121826 3.603519 34.768066
v -19.121826 2.731692 34.926758
v -8.963379 6.634035 24.780273
v -8.975586 6.634034 13.853515
v -3.902100 6.634035 24.780273
v -8.963379 6.634035 24.780273
v -4.289551 6.634035 13.853515
v -8.963379 6.634035 13.853515
v -26.926758 6.634035 19.707275
v -9.755859 6.634034 12.348784
v -9.755859 6.634034 -3.516002
v -29.268066 6.634033 -3.707275
v -8.975586 6.640136 -22.438965
v -10.926758 -1.951172 -1.755859
v -7.804688 -1.951172 -1.755859
v -25.365723 6.634033 -22.438965
v -25.365723 6.634033 -13.853518
v -29.268066 6.621827 10.341307
v -30.438965 6.634034 10.731688
v -30.048584 6.634034 10.341308
v -30.438965 6.634035 16.975586
v -30.048584 6.634035 17.365723
v -29.268066 6.634035 17.365723
v 43.707275 -6.634032 13.072999
v 43.707275 -1.951171 13.072998
v 43.707275 -1.951171 6.829102
v 35.902344 -6.634032 13.072999
v 35.902344 -1.951171 13.072998
v 35.902344 -4.390137 6.048584
v 35.902344 -4.390137 6.829103
v 36.097412 -3.365722 6.048584
v 36.097412 -3.365722 6.829103
v 36.594482 -2.620116 6.048584
v 36.594482 -2.620116 6.829102
v 37.317627 -2.119385 6.048584
v 37.317627 -2.119385 6.829102
v 38.243896 -1.951172 6.048584
v 38.243896 -1.951172 6.829102
v 35.902344 -1.951172 6.048584
v 35.902344 -4.390137 6.048584
v 36.097412 -3.365722 6.048584
v 36.594482 -2.620116 6.048584
v 37.317627 -2.119385 6.048584
v 38.243896 -1.951172 6.048584
v 43.707275 -4.390137 6.829103
v 43.707275 -4.390137 6.048584
v 43.511963 -3.365722 6.829103
v 43.511963 -3.365722 6.048584
v 43.014893 -2.620116 6.829102
v 43.014893 -2.620116 6.048584
v 42.291992 -2.119628 6.829102
v 42.291992 -2.119628 6.048584
v 41.365723 -1.951172 6.829102
v 41.365723 -1.951172 6.048584
v 43.707275 -1.951172 6.048584
v 35.902344 -1.951172 6.829102
v 35.902344 -4.390137 6.829103
v 36.097412 -3.365722 6.829103
v 36.594482 -2.620116 6.829102
v 37.317627 -2.119385 6.829102
v 38.243896 -1.951172 6.829102
v 41.365723 -1.951172 6.829102
v 43.707275 -1.951171 13.072998
v 35.902344 -1.951171 6.829102
v 35.902344 -1.951171 13.072998
v 35.902344 -6.634032 6.829102
v 35.902344 -6.634032 13.072999
v 44.097412 -0.390137 6.048584
v 48.390137 -0.390137 6.048584
v 44.097412 -0.390137 -6.438964
v 48.390137 -0.390137 -6.438964
v 44.097412 -0.390137 -9.560791
v 48.390137 -0.390137 -9.560791
v 44.097412 -0.390137 -12.682861
v 48.390137 -0.390137 -12.682861
v 48.390137 -0.390137 -6.438964
v 48.390137 -0.390137 -9.560791
v 44.487793 -0.390137 -6.438964
v 44.487793 -0.390137 -9.560791
v 44.097412 -0.000001 -9.560791
v 44.097412 -0.000001 -12.682861
v 43.707275 -0.000001 -9.560791
v 43.707275 -0.000001 -12.682861
v 43.707275 -1.560793 -9.560791
v 43.707275 -1.560793 -12.682861
v 44.097412 -0.000000 6.048584
v 44.097412 -0.000000 -6.438965
v 43.707275 -0.000000 6.048584
v 43.707275 -0.000000 -6.438965
v 43.707275 -1.560793 6.048584
v 43.707275 -1.560793 -6.438965
v 32.780273 -1.951170 10.731689
v 32.780273 4.292482 10.731689
v 32.780273 5.072999 11.121826
v -29.268311 4.292478 -31.024170
v -29.658447 3.511961 -31.414551
v -29.658447 -1.951173 -31.414551
v -28.097412 3.511961 -31.414551
v -28.097412 -1.951173 -31.414551
v -33.951172 4.292478 -26.341309
v -34.341309 3.511961 -26.731689
v -34.341309 -1.951172 -26.731689
v -33.951172 4.292478 -24.780273
v -34.341309 3.511961 -25.170654
v -34.341309 -1.951172 -25.170654
v -34.341309 -1.951174 -25.170654
v -7.804688 1.951174 28.682861
v 4.682861 -1.951170 28.682861
v 4.682861 -1.170652 28.682861
v 4.682861 -1.170652 29.463379
v 4.682861 -1.951170 29.463379
v -7.804688 1.951174 29.463379
v -7.804688 1.170656 29.463379
v -17.170654 1.951174 29.463379
v -7.804688 -1.951170 28.682861
v -17.170654 1.170656 29.463379
v 18.109619 0.481691 27.902344
v 17.951172 -0.390135 27.902344
v 21.951172 1.268313 27.902344
v 22.475586 0.481447 27.902344
v 22.634033 -1.951170 27.902344
v 22.634033 -1.951170 22.829102
v 17.951172 -1.951170 22.829102
v 17.951172 -1.951170 27.902344
v 17.951172 -0.390135 22.829102
v 18.634033 1.268068 27.902344
v 18.109619 0.481691 22.829102
v 21.951172 1.268313 22.829102
v 22.475586 0.481447 22.829102
v 22.634033 -0.390135 22.829102
v 22.634033 -0.390135 27.902344
v 20.292480 1.951174 27.902344
v 21.198730 1.769777 27.902344
v 18.634033 1.268068 22.829102
v 19.386475 1.769777 22.829102
v 19.386475 1.769777 27.902344
v 21.198730 1.769777 22.829102
v 20.292480 1.951174 22.829102
v 25.755859 5.072999 5.268065
v 25.755859 5.853517 5.268311
v 25.365723 6.634034 5.658446
v 16.390137 5.072999 5.268065
v 16.390137 5.853517 5.268311
v 16.000000 6.634034 5.658446
v 25.755859 5.072999 20.097168
v 25.755859 5.853518 20.097414
v 25.365723 6.634035 20.487549
v 32.780273 5.072999 20.097412
v 32.780273 5.853518 20.097658
v 32.780273 6.634035 20.487793
v 16.390137 5.072998 -0.195314
v 16.390137 5.853516 -0.195068
v 16.000000 6.634033 0.195067
v 14.438965 5.072998 -0.195314
v 14.438965 5.853516 -0.195068
v 14.438965 6.634033 0.195067
v 17.170654 2.731689 6.048584
v 17.170654 -1.951172 -3.316895
v 17.170654 2.731689 -3.316895
v 17.170654 -1.951172 6.048584
v 23.414551 2.731689 -3.316895
v 23.414551 2.731689 6.048584
v 23.414551 -1.951171 -3.316895
v 23.414551 -1.951171 6.048583
v 16.780273 5.072997 -12.682861
v -7.804688 6.634033 -1.755859
v -10.926758 6.620570 -1.755859
v -7.804688 -1.951172 -4.865417
v -10.536377 7.414550 -4.487793
v -8.195068 7.414551 -2.146240
v -10.926758 6.634033 -4.877931
v -8.195068 7.414550 -4.487793
v -7.804688 6.620569 -4.865417
v -10.536377 7.414551 -2.146240
v -9.365723 -1.951171 12.348785
v -9.365723 3.511964 12.348785
v -57.755859 4.292478 -32.975586
v -38.634033 -1.951175 -29.853516
v -37.463379 -1.951175 -28.682861
v -37.463379 -1.951174 -25.170654
v -38.634033 3.511961 -29.853516
v -37.463379 3.511961 -28.682861
v -37.463379 3.511962 -25.170654
v -8.975586 5.871824 -22.829102
v -8.975586 4.298581 -22.829102
v -25.755859 4.292478 -22.829102
v -46.829102 4.292478 -24.780273
v -46.829102 3.511961 -25.170654
v -25.755859 4.292478 -14.243896
v -46.829102 4.292478 -14.243896
v -45.268066 4.292479 -23.219482
v -45.268066 8.195066 -23.219482
v -45.658447 4.292479 -23.609619
v -45.658447 8.195066 -23.609619
v -51.902344 4.292479 -23.609619
v -51.902344 8.195066 -23.609619
v -45.268066 6.634033 -8.780275
v -45.268066 8.195066 -8.780275
v -40.585205 6.634033 -8.780274
v -40.585205 8.195066 -8.780274
v -45.268066 4.292479 -14.243896
v -40.195068 -1.170654 -3.316895
v -40.195068 5.853515 -3.316896
v -50.341309 8.195070 20.877930
v -45.268066 5.865722 -14.243896
v -51.902344 8.195066 -23.609619
v -45.658447 8.195066 -23.609619
v -40.585205 8.195068 -1.755860
v -40.195068 8.195068 -2.146241
v -46.829102 8.195068 -1.755860
v -40.195068 8.195066 -8.390138
v -45.268066 8.195066 -8.780275
v -40.585205 8.195066 -8.780274
v -46.829102 8.195070 20.877930
v -50.341309 8.195070 20.877930
v -45.268066 8.195066 -23.219482
v -25.755859 4.292479 -14.243896
v -25.755859 5.865722 -14.243896
v -45.268066 6.634032 -13.853517
v -25.365723 6.646239 -13.853517
v -45.268066 6.634032 -3.707275
v -29.268066 6.634032 -3.707275
v -25.755859 5.865722 -22.829102
v -25.365723 6.646239 -22.438721
v -10.926758 1.951170 -20.487549
v -7.804688 1.951170 -20.487549
v -7.791100 6.634033 -20.500061
v -10.926758 6.620570 -20.500061
v -7.804688 1.951170 -23.597107
v -10.536377 7.414550 -23.219482
v -8.195068 7.414551 -20.877930
v -10.926758 6.634033 -23.609619
v -8.195068 7.414550 -23.219482
v -7.804688 6.620569 -23.609619
v -10.536377 7.414551 -20.877930
v -10.926758 1.951171 -23.603363
v -27.707275 4.292477 -31.024170
v -46.829102 4.292478 -24.780273
v -25.755859 4.292478 -22.829102
v -46.829102 4.292478 -22.829102
v -29.268311 6.634036 18.926758
v -28.487793 6.634035 19.707275
v -26.926758 6.634035 19.707275
v -29.268066 6.634035 17.365723
v -29.268066 6.634032 -3.707275
v -26.536377 1.951170 -20.487549
v -23.414307 1.951170 -20.487549
v -23.400719 6.634033 -20.500061
v -26.536377 6.620570 -20.500061
v -23.414307 1.951170 -23.597107
v -26.145996 7.414550 -23.219482
v -23.804688 7.414551 -20.877930
v -26.536377 6.634033 -23.609619
v -23.804688 7.414550 -23.219482
v -23.414307 6.620569 -23.609619
v -26.145996 7.414551 -20.877930
v -26.536377 1.951171 -23.603363
v -40.195068 5.853516 -3.316896
v -34.341309 2.731689 -3.316896
v -40.195068 6.621827 -3.707275
v -29.646240 5.853516 -3.316896
v -29.646240 -1.951171 -3.316896
v -40.195068 5.853516 -3.316896
v -40.195068 -1.951171 -3.316896
v -34.341309 -1.951171 -3.316896
v -37.463379 -1.951171 -3.316896
v -37.463379 2.731689 -3.316896
v -7.804688 -4.682862 -22.048584
v -7.804688 -4.682862 -18.926758
v -7.804688 -1.560793 -18.926758
v -7.804688 -1.560793 -22.048584
v -7.804688 1.951170 -23.597107
v -7.804688 -5.072999 -17.316895
v -7.804688 -5.073000 -23.609070
v -7.804688 1.926757 -17.316895
v -7.804688 1.926757 -20.487793
v -7.804688 1.926757 -4.877930
v -8.585205 5.048583 -20.487793
v -8.585205 5.048583 -4.877930
v -8.585205 5.865722 -20.487793
v -8.585205 5.865722 -4.877930
v -8.975586 6.646239 -20.487793
v -8.975586 6.646239 -4.877930
v -7.804688 -1.951172 -4.865417
v -7.804688 1.926757 -4.865417
v -4.289551 6.633790 9.365722
v -3.902100 6.646242 24.780273
v -2.719238 6.646242 25.951172
v -2.926758 6.633790 7.999755
v -4.289551 6.634035 13.853514
v 44.487793 -0.390137 -6.438964
v 44.487793 -0.390137 -9.560791
v 44.487793 -1.560793 -9.560791
v 44.487793 -1.560793 -6.438965
v -49.951172 6.634036 39.219482
v -49.951172 6.634036 51.316895
v 1.951172 6.634036 39.219482
v -1.937988 6.634036 51.316895
v 14.438965 6.634036 36.097412
v 1.951172 6.634036 39.219482
v 14.439208 6.634036 38.871788
v 16.000000 6.634036 23.609619
v 23.804688 6.634036 23.609619
v 14.439208 6.634036 25.170654
v 23.804688 6.634036 31.191845
v 34.341309 6.634034 6.048584
v 51.511963 6.634034 6.048584
v 32.780273 6.634034 7.609619
v 32.780273 6.634035 24.335386
v 51.511963 6.634034 9.119339
v 14.439208 6.634036 38.871788
v 25.365723 6.634035 20.487549
v 32.780273 6.634035 20.487793
v 23.804688 6.634036 23.609619
v 23.804688 6.634036 31.191845
v 32.780273 6.634035 24.335386
v 25.365723 6.634035 20.487549
v -33.170410 8.207278 50.146240
v -32.780273 5.853519 49.755859
v -32.780273 7.426761 49.755859
v -33.170410 8.207278 51.316895
v -32.780273 5.853519 51.316895
v -32.780273 7.426761 51.316895
v -50.341309 8.207278 51.316895
v 1.951172 6.634036 39.219482
v -1.937988 6.634036 51.316895
v 14.439208 6.634036 38.871788
v -8.195068 4.292478 -26.731689
v -8.195068 4.292478 -25.548584
v -1.560791 4.292478 -26.731689
v 0.390137 4.292476 -61.072998
v 7.804688 4.292476 -61.072998
v 0.390137 4.292478 -27.902344
v 6.243896 4.292478 -25.548584
v 7.804688 4.292478 -27.902344
v -1.560791 4.292478 -27.902344
v 43.707275 0.820414 -61.072998
v 29.658447 0.820414 -61.072998
v 29.658447 6.634032 -61.072998
v 43.707275 6.634028 -61.072998
v 36.190548 5.546679 -61.072998
v 36.190548 0.820414 -61.072998
v 41.799931 0.820414 -61.072998
v 41.799931 5.546679 -61.072998
v -1.560791 -1.951172 -4.877930
v -1.170654 -1.951172 -4.877930
v -1.170654 -1.951174 -25.170654
v -1.560791 -1.182861 -4.877930
v -1.170654 -1.182861 -4.877930
v -1.170654 -1.182863 -25.170654
v -1.560791 -1.182863 -25.170654
v -1.560791 -5.073000 -25.170654
v -1.560791 -5.072999 -17.341309
v -38.634033 -1.951175 -29.853516
v -46.829102 -1.951175 -29.853516
v -38.634033 3.511961 -29.853516
v -46.829102 3.511961 -29.853516
v -42.146240 -1.170655 -29.853516
v -45.268066 -1.170655 -29.853516
v -42.146240 2.731688 -29.853516
v -45.268066 2.731688 -29.853516
v -35.609619 4.292597 -78.243896
v -57.365723 4.292718 -76.292480
v -57.755859 4.292597 -78.243896
v -57.365723 4.292475 -70.048584
v -57.755859 4.292475 -70.048584
v -57.365723 4.292718 -70.048584
v -57.755859 4.292597 -70.048584
v 14.438965 6.634034 5.646240
v 16.000000 6.634034 5.658446
v 16.000000 6.634033 0.195067
v 14.438965 6.634033 0.195067
v 14.042480 5.853517 6.036377
v 14.438965 6.634034 5.646240
v 14.042480 5.853517 2.146240
v 14.438965 6.634034 1.756103
v 14.438965 6.634033 1.755859
v 7.414551 6.634033 0.981689
v 14.438965 6.634033 0.981689
v 14.438965 6.634033 -4.487793
v 14.048584 6.634033 -4.877931
v 12.877930 6.634033 0.981689
v 14.438965 6.634033 0.981689
v 12.877930 6.634033 -4.877931
v 11.316895 6.634029 -48.975586
v 11.316895 6.634029 -41.951172
v 4.292480 6.634030 -41.951172
v 4.292480 6.634029 -48.975586
v 28.097412 6.634029 -53.268066
v 29.658447 6.634028 -54.829102
v 29.658447 6.634028 -61.072998
v 10.926758 6.634029 -53.268066
v 4.682861 6.634028 -61.072998
v 20.292480 5.072997 -16.195068
v 35.511963 5.072995 -16.195068
v 35.511963 5.072995 -35.707275
v 17.560791 5.072997 -35.707275
v 17.560791 5.072997 -20.487793
v 13.268066 5.853515 -17.749756
v 1.560791 5.853515 -18.926758
v 1.557861 -1.951173 -18.932861
v 20.679932 -1.951174 -20.487793
v 1.560791 5.853516 -0.195069
v 3.121826 -1.951173 -20.487793
v 20.682861 5.853515 -20.487793
v 3.124756 5.853515 -20.487793
v 20.682861 5.853514 -17.756102
v 20.682861 5.072996 -17.762205
v 20.682861 -1.951174 -20.487793
v 13.268066 5.072997 -17.755859
v 20.292480 6.634032 -18.146240
v 20.292480 6.634032 -20.097412
v 12.877930 6.634032 -18.146240
v 1.951172 6.634032 -18.731689
v 3.316895 6.634032 -20.097412
v 1.951172 6.634033 -0.585205
v 3.118896 -1.938965 1.359620
v 3.121826 5.865723 1.365723
v 3.512207 6.646240 0.975586
v 7.417481 5.853516 1.371826
v 7.414551 6.634033 0.981689
v 7.414551 -1.951172 1.365723
v 12.877930 6.634033 0.981689
v 13.268066 5.853516 -4.877931
v 13.268066 5.072998 -4.884035
v 1.557861 -1.951172 -0.201172
v 12.877930 6.634033 -4.877931
v 36.682861 5.072993 -60.682861
v 36.682861 1.170650 -60.682861
v 42.146240 5.853511 -61.072998
v 41.365723 5.072993 -60.682861
v 41.365723 1.170650 -60.682861
v 35.902344 5.853513 -61.072998
v 35.902344 1.170649 -61.072998
v 42.146240 1.170649 -61.072998
v 17.560791 0.390133 -36.097412
v 3.115723 5.853519 35.707275
v 3.121826 -1.951169 35.707275
v 14.042480 5.853519 35.707275
v 14.048584 -1.951169 35.707275
v -40.975586 4.292718 -76.292480
v -40.975586 4.292718 -58.353516
v -39.414551 4.292719 -56.780273
v -30.243652 4.292476 -56.780273
v -29.268311 4.292478 -31.024170
v -33.951172 4.292478 -26.341309
v -33.951172 4.292478 -24.780273
v -8.207275 4.304685 -22.829102
v -10.548828 4.292722 -35.707031
v -8.207275 4.304686 -33.353516
v -38.634033 3.511961 -29.853516
v -37.463379 3.511961 -28.682861
v -37.463379 3.511962 -25.170654
v -46.829102 3.511961 -29.853516
v -46.807266 3.511961 -25.170654
v -45.268066 4.292479 -23.219482
v -45.268066 8.195066 -23.219482
v -45.268066 6.634033 -8.780275
v -45.268066 8.195066 -8.780275
v -45.268066 4.292478 -14.243896
v -25.755859 4.304685 -22.829102
v -26.914551 4.304685 -35.707275
v -35.609619 4.292597 -78.243896
v -26.914551 4.304685 -54.243896
v -27.707275 4.292477 -54.243896
v -27.707275 4.292477 -31.024170
v -9.365723 -1.951171 10.731689
v -7.804688 -1.951171 10.731689
v -10.938965 6.634034 10.731688
v -7.804688 1.951173 13.853516
v -7.804688 6.634034 13.853515
v -10.548584 7.414552 11.121825
v -7.804688 6.634034 10.731688
v -10.548584 7.414552 13.475585
v -8.195068 7.414552 13.475585
v -10.938965 6.634034 13.853515
v -8.195068 7.414552 11.121825
v 43.707275 -1.560791 -4.877931
v 43.707275 -1.560792 13.072998
v 43.707275 -6.634032 7.609620
v 43.707275 -6.634032 13.072999
v -45.268066 1.963380 13.853515
v -46.829102 8.195069 13.072997
v -45.268066 1.963380 -1.755859
v -46.829102 8.195069 -1.755859
v -46.048584 4.695069 13.072998
v -46.048584 4.695069 -1.755859
v -46.829102 7.414552 13.072996
v -46.829102 7.414552 -1.755860
vn -0.0000 -0.0000 1.0000
vn -0.0000 0.4471 0.8945
vn 1.0000 -0.0000 -0.0000
vn -0.1961 -0.9806 -0.0000
vn -0.8321 -0.5547 -0.0000
vn 0.9839 -0.1788 -0.0000
vn 0.5546 -0.8321 -0.0000
vn -1.0000 -0.0000 -0.0000
vn -0.9839 -0.1788 -0.0000
vn -0.5546 -0.8321 -0.0000
vn 0.1961 -0.9806 -0.0000
vn 0.8320 -0.5547 -0.0000
vn 0.7071 -0.0000 0.7071
vn -0.0000 -0.0000 -1.0000
vn -0.7069 -0.0000 0.7073
vn 0.7071 -0.0000 -0.7071
vn 0.7069 -0.0000 0.7073
vn -0.7071 -0.0000 0.7071
vn -0.7073 -0.0000 -0.7069
vn -0.0000 1.0000 -0.0000
vn -0.0078 1.0000 0.0003
vn -0.0153 0.9999 0.0008
vn -0.0155 0.9999 0.0006
vn -0.0152 0.9999 0.0009
vn -0.9155 -0.0000 0.4022
vn -0.9239 -0.0000 0.3826
vn -0.3827 -0.0000 0.9239
vn -0.8945 0.4471 -0.0000
vn 0.0045 1.0000 -0.0000
vn -0.7072 -0.0000 -0.7071
vn -0.7072 -0.0000 0.7071
vn -0.8944 0.4473 -0.0000
vn -0.4248 0.7995 0.4248
vn -0.4248 0.7995 -0.4248
vn 0.8944 0.4473 -0.0000
vn 0.4248 0.7995 -0.4248
vn 0.4248 0.7995 0.4248
vn -0.0000 0.4473 -0.8944
vn -0.0000 0.4473 0.8944
vn 0.6666 0.3334 0.6666
vn -0.0001 0.4499 -0.8931
vn -0.0000 0.4471 -0.8945
vn 0.0004 1.0000 -0.0001
vn 0.0029 1.0000 0.0002
vn -0.7073 -0.0000 0.7069
vn 0.7069 -0.0000 -0.7073
vn -0.0000 -1.0000 -0.0031
vn 0.7066 -0.0000 -0.7076
vn 0.5778 0.5774 -0.5769
vn 1.0000 -0.0000 0.0001
vn 0.7073 -0.0000 0.7069
vn 0.8940 0.4481 0.0002
vn 0.6247 0.4685 -0.6247
vn -0.0001 0.4473 -0.8944
vn -0.7071 -0.0000 -0.7071
vn -0.6247 0.4685 -0.6247
vn 0.0001 0.4473 -0.8944
vn -0.8952 0.4457 0.0009
vn 0.8959 0.4442 -0.0007
vn 0.7072 -0.0000 0.7071
vn 0.8945 -0.0000 -0.4471
vn 0.9854 0.1205 -0.1205
vn 0.9688 0.1753 -0.1752
vn 0.9733 -0.0000 0.2297
vn 0.9688 0.1753 0.1752
vn 0.9854 0.1205 0.1205
vn 0.8945 -0.0000 0.4471
vn 0.7071 -0.0000 0.7072
vn -0.0000 -1.0000 -0.0000
vn 0.8972 0.4416 -0.0000
vn 0.5829 0.5684 0.5806
vn 0.0003 0.4389 0.8985
vn -0.5774 0.5774 0.5773
vn 0.8944 -0.0000 0.4473
vn 0.9871 -0.0000 0.1599
vn 0.9732 -0.0000 0.2298
vn 0.9732 -0.0000 -0.2298
vn 0.9871 -0.0000 -0.1599
vn 0.8943 -0.0000 -0.4474
vn 0.9854 0.1206 0.1206
vn 0.9428 0.2358 0.2358
vn 0.9428 0.2358 -0.2358
vn -0.9428 0.2356 0.2356
vn -0.8944 -0.0000 -0.4472
vn 0.8944 -0.0000 -0.4473
vn -0.8945 -0.0000 0.4471
vn 0.9685 -0.0000 0.2492
vn -0.0013 0.0009 -1.0000
vn -0.8999 0.4360 -0.0000
vn -0.0000 0.4360 0.8999
vn 0.8916 0.4529 -0.0000
vn -0.0013 0.4492 -0.8934
vn -0.0000 0.2426 0.9701
vn -0.0000 0.1222 0.9925
vn -0.0000 0.2268 0.9739
vn -0.0000 0.4418 0.8971
vn 0.1954 0.9490 0.2474
vn 0.5523 0.1891 0.8119
vn 0.9697 0.2444 -0.0000
vn -1.0000 -0.0009 0.0001
vn -0.7072 -0.0006 -0.7070
vn -0.5758 0.5803 -0.5758
vn -0.8916 0.4529 -0.0000
vn -1.0000 -0.0008 -0.0000
vn -0.7071 -0.0006 -0.7071
vn -1.0000 -0.0004 -0.0000
vn -0.0019 -0.0000 1.0000
vn -0.0007 0.4474 0.8943
vn -0.0007 0.0003 1.0000
vn -0.7085 -0.0003 0.7057
vn -0.5770 0.5804 0.5747
vn -0.8945 -0.0000 -0.4471
vn -0.8641 0.5033 -0.0000
vn -0.0000 0.4582 0.8889
vn -0.5774 0.5772 0.5774
vn -0.8945 0.4471 -0.0001
vn -1.0000 -0.0000 -0.0001
vn 0.6569 0.3750 0.6541
vn 0.9614 0.2751 0.0004
vn 0.9238 -0.0000 0.3828
vn 0.9242 -0.0000 0.3819
vn 0.3826 -0.0000 0.9239
vn 0.3846 -0.0000 0.9231
vn 0.8931 0.4499 -0.0001
vn 0.0005 0.2745 0.9616
vn 0.9618 0.2736 0.0043
vn -0.0000 0.7071 0.7071
vn -1.0000 -0.0041 -0.0003
vn -0.5547 -0.0000 -0.8320
vn -0.7071 -0.7071 -0.0000
vn -0.7071 0.7071 -0.0000
vn 0.7089 0.0010 -0.7053
vn 0.5773 0.5775 -0.5773
vn 0.8916 0.4528 -0.0000
vn -0.0000 0.4418 -0.8971
vn -0.0000 0.0014 -1.0000
vn -0.0010 -0.0000 -1.0000
vn 0.8945 0.4471 -0.0000
vn 0.7057 -0.0000 -0.7085
vn -1.0000 -0.0000 -0.0007
vn 0.6655 0.3327 -0.6681
vn 0.8945 0.4470 -0.0000
vn -0.0000 0.4470 0.8945
vn -0.8974 0.4412 -0.0003
vn -0.7099 0.0016 0.7043
vn -0.5797 0.5771 0.5752
vn -0.0000 0.0022 1.0000
vn -0.6247 0.4685 0.6247
vn -0.7071 0.0016 0.7071
vn 0.2357 0.2357 0.9428
vn -0.2356 0.2356 0.9428
vn -0.1752 0.1752 0.9688
vn 0.1753 0.1752 0.9688
vn 0.4472 -0.0000 0.8944
vn -0.2297 -0.0000 0.9733
vn -0.4471 -0.0000 0.8945
vn -0.0000 0.4436 -0.8962
vn -0.0000 -0.8959 0.4443
vn -0.0000 -0.8683 -0.4961
vn -0.0000 0.4528 0.8916
vn 0.9000 0.4359 -0.0000
vn 0.6247 0.4686 0.6247
vn 0.5761 0.8174 -0.0000
vn -0.0000 -0.1788 0.9839
vn -0.0001 -0.5547 0.8321
vn -0.0001 -0.8320 0.5548
vn -0.0001 -0.9806 0.1961
vn -0.0001 -0.9806 -0.1960
vn -0.0001 -0.8320 -0.5548
vn -0.0001 -0.5545 -0.8322
vn -0.0000 -0.1791 -0.9838
vn -0.0003 1.0000 0.0002
vn -0.0004 1.0000 -0.0000
vn -0.0002 1.0000 0.0001
vn -0.0011 0.4443 0.8959
vn 0.0078 1.0000 -0.0009
vn 0.9823 -0.1871 -0.0000
vn 0.8321 -0.5547 -0.0000
vn 0.5693 -0.8221 -0.0000
vn 0.1787 -0.9839 -0.0000
vn -0.9823 -0.1873 -0.0000
vn -0.5692 -0.8222 -0.0000
vn -0.1789 -0.9839 -0.0000
vn -0.5773 0.5774 -0.5773
vn -0.0000 0.9803 0.1974
vn 0.6356 0.4963 0.5913
vn 0.6356 0.4963 -0.5913
vn 0.1853 0.7414 -0.6450
vn 0.1156 0.4625 0.8791
vn -0.9960 -0.0898 -0.0000
vn 0.9960 -0.0898 -0.0000
vn 0.9272 -0.3746 -0.0000
vn 0.7071 -0.7071 -0.0000
vn -0.9272 -0.3745 -0.0000
vn 0.3828 -0.9238 -0.0000
vn -0.3827 -0.9239 -0.0000
vn -0.0000 0.0003 -1.0000
vn 0.0031 0.4383 -0.8988
vn 0.8959 0.4442 -0.0011
vn -0.8959 0.4443 0.0011
vn 0.0040 -0.0000 -1.0000
vn 0.0001 1.0000 -0.0000
vn -0.0002 0.4528 -0.8916
vn -0.0001 0.4502 -0.8929
vn -0.0003 1.0000 0.0005
vn -0.0000 0.0027 1.0000
vn -0.0011 0.4327 0.9015
vn 1.0000 -0.0015 -0.0022
vn 0.0011 0.4440 -0.8960
vn 0.8928 0.4504 -0.0033
vn -0.8959 0.4442 0.0011
vn 0.0010 -0.0020 -1.0000
vn -0.0001 1.0000 0.0002
vn 0.8928 0.4505 -0.0033
vn -0.0000 0.4530 0.8915
vn 0.9701 0.2426 -0.0000
vn -0.0000 -0.0001 -1.0000
vn -0.0000 1.0000 -0.0007
vn -0.0001 1.0000 -0.0001
vn 0.0041 1.0000 -0.0004
vn 0.0011 1.0000 -0.0012
vn -0.0027 1.0000 -0.0007
vn -0.0000 1.0000 -0.0001
vn -0.0003 1.0000 -0.0000
vn -1.0000 0.0004 -0.0000
vn -0.7058 0.0005 -0.7085
vn 0.0009 -0.0078 1.0000
vn 0.0004 0.4502 0.8929
vn -0.6247 0.4676 -0.6253
vn -0.5796 0.5773 0.5751
vn -0.7071 -0.0003 0.7072
vn -0.0042 1.0000 -0.0003
vn -0.0014 -0.0008 1.0000
vn 0.0007 1.0000 -0.0003
vn 0.4471 -0.0000 0.8945
vn 0.0007 1.0000 -0.0001
vn -0.0015 1.0000 -0.0000
vn -0.0154 0.9999 -0.0000
vn -0.0101 0.9999 0.0009
vn -0.0000 0.4358 0.9000
vn 0.9615 0.2747 -0.0000
vn 0.9612 0.2759 -0.0000
vn -0.0000 1.0000 -0.0009
vn -0.0051 1.0000 -0.0000
vn -0.0000 1.0000 -0.0015
vn -0.0010 1.0000 -0.0010
s 0
usemtl rock
f 863//208 876//208 874//208
f 866//208 875//208 877//208
f 871//209 863//209 866//209 865//209
f 872//208 869//208 863//208
f 863//208 868//208 876//208
f 874//208 872//208 863//208
f 866//208 869//208 873//208
f 866//208 873//208 875//208
f 877//208 870//208 866//208
f 868//210 864//210 888//210 878//210
f 873//211 869//211 879//211 882//211
f 877//212 875//212 884//212 886//212
f 876//213 868//213 878//213 885//213
f 872//214 874//214 883//214 881//214
f 867//215 870//215 880//215 887//215
f 870//216 877//216 886//216 880//216
f 875//217 873//217 882//217 884//217
f 869//218 872//218 881//218 879//218
f 874//219 876//219 885//219 883//219
f 889//208 891//208 892//208 890//208
f 892//220 891//220 893//220 894//220
f 894//210 893//210 895//210 896//210
f 953//208 898//208 899//208 897//208
f 953//215 897//215 900//215 959//215
f 959//221 900//221 902//221 901//221
f 901//210 902//210 946//210 903//210
f 903//221 946//221 904//221 962//221
f 889//210 890//210 906//210 905//210
f 905//220 906//220 908//220 907//220
f 907//208 908//208 910//208 909//208
f 909//222 910//222 912//222 911//222
f 911//215 912//215 914//215 913//215
f 913//208 914//208 916//208 915//208
f 915//210 916//210 918//210 917//210
f 917//221 918//221 920//221 919//221
f 919//223 920//223 922//223 921//223
f 921//210 922//210 924//210 923//210
f 923//224 924//224 926//224 925//224
f 925//208 926//208 928//208 927//208
f 927//210 928//210 930//210 929//210
f 930//210 1038//210 929//210
f 1038//210 1045//210 929//210
f 1038//208 930//208 931//208 932//208
f 932//215 931//215 933//215 1039//215
f 1039//221 933//221 934//221 1040//221
f 1040//215 934//215 935//215 936//215
f 936//208 935//208 937//208 1041//208
f 1041//225 937//225 938//225 1042//225
f 1042//215 938//215 939//215 940//215
f 940//226 939//226 941//226 942//226
f 942//221 941//221 943//221 1043//221
f 1043//215 943//215 944//215 1044//215
f 920//227 926//227 924//227 922//227
f 937//227 941//227 939//227 938//227
f 934//227 931//227 930//227
f 930//227 928//227 934//227
f 928//227 935//227 934//227
f 934//227 933//227 931//227
f 916//227 944//227 943//227 918//227
f 906//227 912//227 910//227 908//227
f 890//227 914//227 912//227 906//227
s 1
f 968//227 969//227 966//227
s 0
f 897//227 945//227 904//227 946//227
f 904//227 945//227 929//227 947//227
f 947//208 929//208 1045//208 1046//208
f 962//227 948//227 963//227 961//227
f 903//227 962//227 961//227 960//227
f 897//227 946//227 902//227 900//227
s 1
f 952//227 1004//227 1341//227 951//227
f 954//228 955//229 953//230 959//228
f 954//228 959//228 901//227 958//227
f 901//227 903//227 960//227 958//227
f 970//231 953//230 955//229 949//231
f 969//227 967//227 966//227
f 972//232 966//233 967//215 971//215
f 966//233 972//232 974//234 973//234
f 973//234 974//234 975//208 968//208
s 0
f 976//215 977//215 979//215 978//215
f 976//235 978//235 981//235 980//235
f 980//236 981//236 983//236 982//236
f 984//221 985//221 987//221 986//221
f 985//237 984//237 988//237 989//237
f 989//215 988//215 990//215 991//215
f 991//238 990//238 992//238 993//238
f 993//208 992//208 994//208 995//208
f 985//227 989//227 991//227 993//227
f 996//235 997//235 999//235 998//235
f 996//236 998//236 1001//236 1000//236
f 999//215 997//215 1002//215 1003//215
s 1
f 1006//239 1008//239 1052//240 1051//241
f 1013//242 1007//242 1053//243 1005//244
f 1006//245 1051//241 1053//243 1007//245
f 1013//246 1005//244 1052//240 1008//246
f 1009//215 1008//215 1006//215 1010//215
f 1011//210 1007//210 1013//210 1012//210
f 1012//208 1013//208 1008//208 1009//208
f 1010//221 1006//221 1007//221 1011//221
f 954//210 957//210 955//210
f 958//208 965//208 957//208 954//208
s 0
f 1014//242 1016//242 1018//242 1017//242
f 964//210 1015//210 1016//210 1014//210
f 1020//246 1021//246 1024//246 1023//246
f 1019//208 1020//208 1023//208 1022//208
f 1023//247 1024//247 1027//247 1026//247
f 1022//220 1023//220 1026//220 1025//220
f 1029//248 1028//248 1030//248 1031//248
f 1031//221 1032//221 1033//221
f 1032//221 1030//221 1034//221
f 1031//215 1033//215 1036//215 1035//215
f 1029//235 1031//235 1035//235 1037//235
s 1
f 1047//227 1048//227 1049//227 1050//227
f 1051//241 1052//240 1005//244 1053//243
f 1054//249 1048//249 1047//249 1057//249
f 1055//246 1050//246 1049//246 1056//246
f 1055//242 1057//242 1047//242 1050//242
f 1054//239 1056//239 1049//239 1048//239
f 1058//215 1056//215 1054//215 1059//215
f 1060//210 1057//210 1055//210 1061//210
f 1061//208 1055//208 1056//208 1058//208
f 1059//221 1054//221 1057//221 1060//221
s 0
f 1026//242 1027//242 1064//242 1063//242
f 1025//210 1026//210 1063//210 1062//210
f 1065//227 1068//227 1069//227
f 1086//227 1065//227 1074//227
f 1075//227 1065//227 1086//227
f 1074//227 1065//227 1069//227
f 1071//227 1067//227 1066//227 1070//227
f 1072//250 1069//250 1067//250 1071//250
f 1074//251 1069//251 1072//251
f 1086//227 2042//227 1077//227 1075//227
f 1073//215 1078//215 1079//215 1076//215
f 1079//252 1078//252 1080//252 1081//252
f 1081//208 1080//208 1082//208 1083//208
f 1079//227 1081//227 1083//227 2254//227
f 2071//221 2070//221 2072//221 2073//221
f 2273//227 2274//227 2275//227
f 2272//227 2273//227 2275//227
f 1085//253 1084//253 1087//253 1088//253
f 1085//221 1088//221 1090//221 1089//221
f 1087//210 1084//210 1091//210 1092//210
f 1063//249 1064//249 1094//249 1093//249
f 1096//221 1095//221 1063//221 1093//221
f 1096//221 1093//221 950//221 1097//221
f 1097//254 950//254 1098//254 1101//254
f 950//255 1093//255 1099//255 1098//255
f 1093//256 1094//256 1100//256 1099//256
f 1098//257 1099//257 1103//257 1102//257
f 1099//242 1100//242 1104//242 1103//242
f 1105//208 1106//208 1108//208 1107//208
f 1106//258 1105//258 1109//258 1110//258
f 1110//210 1109//210 1111//210 1112//210
f 1112//223 1111//223 1113//223 1114//223
f 1114//221 1113//221 1115//221 1116//221
f 1117//259 1119//259 1120//259 1118//259
f 1119//210 1117//210 1121//210 1122//210
f 1119//223 1122//223 1125//223 1123//223
f 1120//260 1119//260 1123//260 1124//260
f 1123//221 1125//221 1128//221 1126//221
f 1124//261 1123//261 1126//261 1127//261
f 1130//223 1129//223 1131//223 1132//223
f 1129//210 1130//210 1134//210 1133//210
f 1132//221 1131//221 1135//221 1136//221
f 1136//262 1135//262 1137//262 1138//262
f 1138//215 1137//215 1139//215 1140//215
f 1130//227 1138//227 1140//227 1134//227
f 1132//227 1136//227 1138//227 1130//227
f 1141//221 1143//221 1144//221 1142//221
f 1142//262 1144//262 1146//262 1145//262
f 1146//215 1148//215 1147//215 1145//215
f 1142//263 1145//263 1150//263 1149//263
f 1142//264 1149//264 1140//264 1141//264
f 1147//265 1151//265 1150//265 1145//265
f 1152//266 1154//266 1155//266 1153//266
f 1154//210 1152//210 1156//210 1157//210
f 1106//227 1110//227 1112//227 1114//227
f 1156//267 1152//267 1158//267 1159//267
f 1159//208 1158//208 1160//208 1161//208
s 1
f 1165//268 1170//269 1164//270 1163//268
f 1167//271 1168//272 1171//273 1169//274
f 1170//269 1171//273 1168//272 1164//270
f 1164//270 1168//272 1167//271 1163//210
s 0
f 1539//227 1166//227 1537//227 1538//227
s 1
f 1171//273 1170//269 1174//210 1175//210
s 0
f 1162//223 1177//223 1178//223 1176//223
f 1178//221 1177//221 1179//221 1180//221
f 1182//208 1184//208 1183//208 1181//208
f 1182//275 1181//275 1185//275 1186//275
f 1186//210 1185//210 1187//210 1188//210
f 1178//276 1182//276 1186//276 1176//276
f 1180//276 1184//276 1182//276 1178//276
f 2052//210 1162//210 1176//210 2053//210
f 1188//210 1190//210 1191//210 1189//210
f 1191//277 1190//277 1192//277 1193//277
f 1153//278 1195//278 1158//278 1152//278
f 1160//279 1158//279 1195//279 1196//279
f 1161//225 1160//225 1197//225 1540//225
f 1196//280 1198//280 1197//280 1160//280
f 1172//215 1540//215 1148//215
f 1148//215 1540//215 1199//215
f 1200//208 1201//208 1203//208 1202//208
s 1
f 1206//281 1205//281 1207//282 1208//283
f 1207//242 1205//242 1209//242 1211//242
f 1214//284 1211//285 1209//286 1212//286
f 1220//287 1221//288 1222//289 1217//289
f 1216//235 1219//235 1228//290 1223//290
f 1225//291 1226//291 1216//291 1215//291
f 1218//292 1217//289 1222//289 1224//292
f 1230//293 1223//290 1228//290 1227//293
f 1229//281 1221//288 1220//287 1231//294
f 1233//293 1234//293 1238//293 1232//293
f 1235//291 1236//291 1237//291 1204//291
f 1234//235 1237//235 1236//235 1238//235
f 1241//215 1248//215 1245//215 1242//215
f 1243//210 1244//210 1249//210 1240//210
f 1240//208 1249//208 1248//208 1241//208
f 1242//295 1245//295 1244//295 1243//295
f 1245//296 1248//296 1246//296 1247//296
f 1373//297 1246//297 1248//297 1249//297
f 1249//298 1244//298 1374//298 1373//298
f 1245//299 1247//299 1374//299 1244//299
f 1250//300 1251//301 1252//301 1253//300
f 1254//302 1255//303 1256//304 1257//305
f 1258//221 1259//221 1260//221 1261//221
f 1262//210 1263//210 1264//210 1265//210
f 1266//277 1267//277 1268//277 1269//277
f 1270//306 1271//306 1272//306 1273//306
f 1274//208 1275//208 1276//208 1277//208
f 1252//301 1251//301 1254//302 1257//305
f 1286//276 1282//276 1284//276 1285//276
f 1279//276 1287//276 1288//276 1289//276
f 1278//276 1280//276 1283//276 1281//276
f 1232//215 1238//215 1236//215 1235//215
s 0
f 1292//221 1291//221 1290//221
f 1294//221 1290//221 1291//221 1293//221
f 1290//245 1294//245 1296//245 2177//245
f 1292//307 1290//307 1297//307 1298//307
f 1298//308 1297//308 1299//308 1300//308
f 1301//249 1304//249 1302//249 1299//249
f 1305//309 1301//309 1299//309 1297//309
f 1295//310 1305//310 1297//310 1290//310
f 1302//310 1304//310 1308//310 1306//310
f 1303//311 1302//311 1306//311 1307//311
f 1306//309 1308//309 1311//309 1309//309
f 1307//312 1306//312 1309//312 1310//312
f 1309//249 1311//249 1314//249 1312//249
f 1319//313 1313//313 1320//313 1322//313
f 1312//221 1315//221 1317//221
f 1313//310 1318//310 1321//310 1320//310
f 1327//314 1328//314 1329//314 1330//314
f 1320//315 1321//315 1324//315 1323//315
f 1326//316 1327//316 1330//316 1325//316
f 1334//317 1333//317 1337//317 1338//317
f 1331//318 1332//318 1336//318 1335//318
f 1338//313 1337//313 1339//313 1340//313
s 1
f 1205//210 1206//210 1212//210 1209//210
s 0
f 1213//221 1210//221 1342//221 1343//221
f 1210//223 1213//223 1345//223 1344//223
f 1344//210 1345//210 1347//210 1346//210
f 1343//226 1342//226 1348//226 1349//226
f 1349//215 1348//215 1350//215 1351//215
f 1365//245 1364//245 1355//245 1354//245
f 1365//221 1354//221 1357//221 1369//221
f 1223//215 1230//215 1357//215 1354//215
f 1354//239 1355//239 1358//239 1405//239
s 1
f 1215//215 1216//215 1360//215 1359//215
s 0
f 1352//221 1368//221 1372//221 1356//221
f 1367//221 1366//221 1370//221 1371//221
f 1352//245 1353//245 1361//245 1368//245
f 1367//245 1362//245 1363//245 1366//245
s 1
f 1247//227 1246//227 1373//227 1374//227
s 0
f 1375//293 1377//293 1378//293 1376//293
f 1378//215 1380//215 1379//215 1376//215
f 1377//235 1382//235 1380//235 1378//235
f 1380//319 1382//319 1381//319 1379//319
f 1383//215 1385//215 1386//215 1384//215
f 1385//320 1383//320 1387//320 1388//320
f 1389//262 1390//262 1392//262 1391//262
f 1391//221 1392//221 1394//221 1393//221
f 1390//215 1389//215 1395//215 1396//215
f 1398//222 1396//222 1399//222 1397//222
f 1398//208 1397//208 1400//208 1430//208
f 1402//208 1403//208 1406//208 1405//208
f 1401//321 1402//321 1405//321 1358//321
f 1407//225 1408//225 1410//225 1409//225
f 1409//208 1410//208 1412//208 1411//208
f 1409//209 1411//209 1415//209 1414//209
f 1407//322 1409//322 1414//322 1413//322
f 1416//222 1417//222 1419//222 1418//222
f 1418//208 1419//208 1421//208 1420//208
f 1417//215 1416//215 1422//215 1423//215
f 1420//220 1421//220 1425//220 1424//220
f 1424//210 1425//210 1427//210 1426//210
f 1407//323 1413//323 1430//323 1428//323
f 1408//324 1407//324 1428//324 1429//324
f 1432//221 1431//221 1433//221 1434//221
f 1431//223 1432//223 1436//223 1435//223
f 1435//210 1436//210 1438//210 1437//210
f 1434//226 1433//226 1439//226 1440//226
f 1440//215 1439//215 1441//215 1442//215
s 1
f 1208//283 1207//282 1443//210 1444//210
f 1211//285 1214//284 1446//210 1445//210
f 1450//227 1453//227 1452//227 1449//227
f 1456//227 1447//227 1455//227 1454//227
f 1459//227 1462//227 1461//227 1458//227
f 1463//325 1469//325 1476//325 1497//325
f 1464//326 1469//326 1463//326 1465//326
f 1464//210 1466//210 1470//327 1469//328
f 1469//328 1470//327 1467//329 1476//330
f 1473//210 1474//210 1475//210 1472//210
f 1468//331 1471//331 1475//331 1474//331
f 1497//332 1476//332 1474//332 1499//332
s 0
f 1478//333 1477//333 1479//333
f 1479//220 1477//220 1480//220 1481//220
f 1483//208 1482//208 1479//208 1481//208
s 1
f 1485//215 1486//215 1487//215 1488//215
f 1484//227 1494//227 1487//227 1492//227
f 1490//208 1489//334 1486//334 1485//208
f 1491//208 1484//208 1492//220 1493//220
f 1496//220 1463//220 1497//220 1498//220
f 1498//208 1497//208 1499//208 1500//208
s 0
f 1528//210 1530//210 1529//210 1527//210
f 1480//210 1477//210 1501//210 1502//210
f 1502//223 1501//223 1503//223 1504//223
f 1504//221 1503//221 1505//221 1506//221
f 1507//220 1508//220 1510//220 1509//220
f 1509//208 1510//208 1512//208 1511//208
f 1508//210 1507//210 1513//210 1514//210
f 1513//223 1517//223 1515//223 1514//223
f 1516//221 1515//221 1517//221 1518//221
f 1519//258 1520//258 1522//258 1521//258
f 1520//208 1519//208 1523//208 1524//208
f 1521//210 1522//210 2079//210 2080//210
s 1
f 1474//208 1476//330 1467//329 1468//208
f 1530//210 1536//210 1531//210 1529//210
f 1532//215 1533//215 1534//215 1535//215
f 1531//208 1536//208 1533//208 1532//208
s 0
f 1541//221 1543//221 1544//221 1542//221
f 1541//262 1542//262 1546//262 1545//262
f 1545//215 1546//215 1548//215 1547//215
s 1
f 1549//227 1552//227 1551//227 1550//227
f 1556//215 1557//215 1558//215 1559//215
f 1554//210 1560//210 1555//210 1553//210
f 1559//221 1558//221 1560//221 1554//221
f 965//335 958//335 1562//335 1563//335
f 1565//208 1564//208 1569//208 1566//208
f 1561//210 1566//210 1569//210 1567//210
f 1567//210 1569//210 1570//210 1568//210
f 1572//215 1571//215 1573//225 1574//225
s 0
f 1577//276 1578//276 1576//276
f 1582//276 1581//276 1577//276 1580//276
f 1581//276 1582//276 1584//276 1583//276
f 1577//220 1581//220 1586//220 1585//220
f 1586//208 1581//208 1587//208 1588//208
f 1577//210 1585//210 1590//210 1589//210
s 1
f 1573//225 1589//208 1590//208 1574//225
s 0
f 1591//336 1592//336 1594//336 1593//336
f 1593//221 1594//221 1596//221 1595//221
f 1596//221 1579//221 1595//221
f 1593//221 1595//221 1597//221
f 1592//221 1591//221 1598//221 1599//221
f 1587//208 1581//208 1600//208
f 1588//208 1587//208 1601//208
f 1609//225 1602//225 1603//225 1610//225
f 1610//215 1603//215 1604//215 1605//215
f 1605//226 1604//226 1606//226 1607//226
f 1602//208 1609//208 1613//208 1611//208
f 1602//227 1606//227 1604//227 1603//227
f 1606//227 1602//227 1611//227 1608//227
f 1607//221 1606//221 1608//221 1612//221
f 1605//337 1607//337 1609//337 1610//337
f 1609//276 1607//276 1612//276 1613//276
f 1621//225 1614//225 1615//225 1622//225
f 1622//215 1615//215 1616//215 1617//215
f 1617//226 1616//226 1618//226 1619//226
f 1614//208 1621//208 1625//208 1623//208
f 1614//227 1618//227 1616//227 1615//227
f 1618//227 1614//227 1623//227 1620//227
f 1619//221 1618//221 1620//221 1624//221
f 1617//337 1619//337 1621//337 1622//337
f 1621//276 1619//276 1624//276 1625//276
f 1628//215 1632//215 1633//215 1629//215
f 1627//338 1631//338 1632//338 1628//338
f 1626//235 1630//235 1631//235 1627//235
s 1
f 1639//215 1641//215 1636//215 1638//215
f 1635//215 1639//215 1638//215 1637//215
f 1634//215 1636//215 1641//215 1640//215
f 1636//215 1634//215 1642//215 1643//215
f 1645//215 1643//215 1642//215 1644//215
s 0
f 1650//208 1652//208 1653//208 1651//208
f 1652//208 1650//208 1654//208 1655//208
f 1654//209 1650//209 1656//209 1657//209
f 1658//210 1659//210 1661//210 1660//210
f 1659//339 1658//339 1662//339 1663//339
f 1659//340 1663//340 1665//340 1664//340
f 1659//341 1664//341 1667//341 1666//341
f 1665//342 1663//342 1669//342 1670//342
f 1663//343 1662//343 1668//343 1669//343
f 1669//344 1668//344 1671//344
f 1673//274 1674//274 1675//274 1672//274
f 1672//345 1675//345 1677//345 1676//345
f 1676//268 1677//268 1679//268 1678//268
f 1675//210 1674//210 1679//210 1677//210
f 1681//242 1684//242 1685//242 1682//242
f 1680//210 1683//210 1684//210 1681//210
f 1684//346 1683//346 1686//346 1687//346
f 1687//221 1686//221 1688//221 1689//221
f 1689//210 1688//210 1690//210 1691//210
f 1691//208 1690//208 1692//208 1693//208
f 1693//347 1692//347 1694//347 1701//347
f 1685//348 1684//348 1687//348 1696//348
f 1696//249 1687//249 1689//249 2242//249
f 1697//349 1689//349 1691//349 1698//349
f 1698//350 1691//350 1693//350 1700//350
f 1700//351 1693//351 1701//351 1702//351
f 1701//352 1694//352 1699//352 1695//352
f 1702//353 1701//353 1695//353 1703//353
f 1703//350 1695//350 1704//350 1706//350
f 1695//354 1699//354 1705//354 1704//354
f 1706//355 1704//355 1707//355 1709//355
f 1704//356 1705//356 1708//356 1707//356
f 1709//235 1707//235 1710//235 1711//235
s 1
f 1712//357 1713//358 1719//359 1716//360
f 1714//361 1712//357 1716//360 1715//361
f 1718//362 1719//359 1713//358 1717//363
f 1719//359 1718//362 1715//208 1716//360
s 0
f 1723//364 1726//364 1753//364 1724//364
f 1721//365 1725//365 1754//365 1722//365
f 1722//366 1754//366 1726//366 1723//366
f 1720//367 1755//367 1725//367 1721//367
f 1723//215 1727//215 1722//215
f 1722//215 1728//215 1721//215
f 1730//215 1729//215 1724//215 1720//215
f 1720//215 1721//215 1728//215 1730//215
f 1724//215 1729//215 1727//215 1723//215
f 1729//215 1730//215 1732//215 1731//215
f 1733//215 1734//215 1736//215 1735//215
f 1733//215 1735//215 1737//215 1738//215
f 1738//215 1737//215 1739//215 1740//215
f 1741//210 1743//210 1744//210 1742//210
f 1741//210 1746//210 1745//210 1743//210
f 1670//368 1746//368 1748//368 1747//368
f 1754//210 1725//210 1751//210
f 1749//210 1755//210 1753//210 1750//210
f 1755//210 1749//210 1751//210 1725//210
f 1753//210 1726//210 1752//210 1750//210
f 1726//210 1754//210 1752//210
f 1750//210 1756//210 1757//210 1749//210
f 1758//227 1760//227 1761//227 1759//227
f 1758//215 1762//215 1763//215 1760//215
f 1761//210 1765//210 1764//210 1759//210
f 1761//208 1767//208 1769//208 1765//208
f 1763//221 1768//221 1766//221 1760//221
f 1760//227 1766//227 1767//227 1761//227
f 1767//215 1766//215 1768//215 1769//215
s 1
f 1771//210 1772//210 1773//210 1774//210
f 1774//208 1773//208 1775//208 1770//208
f 1776//221 1777//221 1772//221 1771//221
f 1779//227 1778//227 1781//227 1780//227
s 0
f 1769//208 1774//208 1770//208 1765//208
s 1
f 1786//227 1787//227 1785//227
f 1787//227 1786//227 1788//227 1789//227
f 1784//227 1782//227 1786//227
f 1787//227 1783//227 1791//227 1785//227
f 1784//227 1786//227 1785//227 1790//227
f 1784//227 1793//227 1792//227
f 1793//227 1794//227 1792//227
f 1796//227 1797//227 1795//227
f 1794//227 1796//227 1795//227
s 0
f 1798//220 1799//220 1801//220 1800//220
f 1800//210 1801//210 1803//210 1802//210
f 1802//253 1803//253 1805//253 1804//253
f 1804//221 1805//221 1807//221 1806//221
f 1799//208 1798//208 1808//208 1809//208
f 1810//225 1811//225 1813//225 1812//225
f 1812//208 1813//208 1815//208 1814//208
f 1811//215 1810//215 1816//215 1817//215
f 1814//224 1815//224 1819//224 1818//224
f 1818//210 1819//210 1821//210 1820//210
f 1800//227 1802//227 1804//227 1798//227
f 1806//227 1808//227 1798//227 1804//227
f 1810//227 1818//227 1820//227 1816//227
f 1812//227 1814//227 1818//227 1810//227
f 1681//369 1682//369 1824//369 1823//369
f 1680//220 1681//220 1823//220 1822//220
f 1194//210 956//210 1173//210
f 1194//210 1825//210 956//210
f 1827//221 1826//221 1828//221 1829//221
s 1
f 1256//304 1296//370 1294//210 1257//305
f 1231//294 1220//287 1831//210 1830//210
f 1217//210 1218//210 1833//210 1832//210
s 0
f 1834//371 1835//371 1837//371 1836//371
f 1836//372 1837//372 1839//372 1838//372
f 1838//373 1839//373 1841//373 1840//373
f 1840//374 1841//374 1843//374 1842//374
f 1842//375 1843//375 1845//375 1844//375
f 1844//376 1845//376 1847//376 1846//376
f 1846//377 1847//377 1849//377 1848//377
f 1848//378 1849//378 1851//378 1850//378
f 1850//221 1851//221 1853//221 1852//221
f 1835//208 1834//208 1854//208 1855//208
f 1858//210 1856//210 1859//210
f 1860//210 1856//210 1861//210
f 1856//210 1858//210 1857//210
f 1859//210 1856//210 1860//210
f 1864//210 1862//210 1865//210
f 1866//210 1862//210 1867//210
f 1862//210 1864//210 1863//210
f 1865//210 1862//210 1866//210
f 1870//215 1871//215 1868//215
f 1872//215 1873//215 1868//215
f 1868//215 1869//215 1870//215
f 1871//215 1872//215 1868//215
f 1876//215 1877//215 1874//215
f 1878//215 1879//215 1874//215
f 1874//215 1875//215 1876//215
f 1877//215 1878//215 1874//215
s 1
f 1296//370 1256//304 1358//227 1355//227
f 1256//304 1404//227 1880//227
s 0
f 1882//227 1884//227 1885//227 1883//227
s 1
f 1881//227 1358//227 1880//227
f 1358//227 1256//304 1880//227
f 2049//227 2046//227 2051//227 2047//227
f 1358//227 1881//227 1887//227
f 1887//227 1888//227 1889//227
s 0
f 1416//227 1424//227 1426//227 1422//227
f 2043//208 2044//208 1891//208 1892//208
s 1
f 1890//379 1893//380 1894//381
f 2043//382 2047//382 2051//382 2044//382
s 0
f 1892//210 2045//210 2050//210 2043//210
f 1897//383 1899//383 1900//383 1895//383
f 1940//276 1942//276 1941//276 1903//276
f 1939//276 1938//276 1921//276 1931//276
f 1906//384 1908//384 1909//384 1907//384
f 1909//385 1908//385 1910//385 1911//385
f 1911//386 1910//386 1912//386 1913//386
f 1913//387 1912//387 1914//387 1915//387
f 1918//221 1916//221 1919//221
f 1920//221 1916//221 1921//221
f 1916//221 1918//221 1917//221
f 1919//221 1916//221 1920//221
f 1922//388 1924//388 1925//388 1923//388
f 1925//212 1924//212 1926//212 1927//212
f 1927//389 1926//389 1928//389 1929//389
f 1929//390 1928//390 1930//390 1931//390
f 1925//221 1927//221 1932//221
f 1929//221 1931//221 1932//221
f 1932//221 1923//221 1925//221
f 1927//221 1929//221 1932//221
f 1935//208 1936//208 1933//208
f 1937//208 1938//208 1933//208
f 1933//208 1934//208 1935//208
f 1936//208 1937//208 1933//208
s 1
f 1901//221 1904//221 1905//221 1902//221
s 0
f 1941//210 1942//210 1944//210 1943//210
f 1943//210 1554//210 1941//210
f 1945//227 1946//227 1948//227 1947//227
f 1949//227 1950//227 1952//227 1951//227
f 1953//227 1954//227 1956//227 1955//227
f 1949//210 1951//210 1958//210 1957//210
f 1957//227 1958//227 1960//227 1959//227
f 1959//215 1960//215 1962//215 1961//215
f 1957//208 1959//208 1961//208 1949//208
f 1945//210 1947//210 1964//210 1963//210
f 1963//227 1964//227 1966//227 1965//227
f 1965//215 1966//215 1968//215 1967//215
f 1947//221 1968//221 1966//221 1964//221
f 1102//221 1103//221 1970//221 1969//221
f 1103//249 1104//249 1971//249 1970//249
f 1972//245 2114//245 1975//245 1973//245
f 1973//221 1975//221 1976//221 1974//221
f 1972//391 1973//391 1978//391 1977//391
f 1973//262 1974//262 1979//262 1978//262
f 1977//235 1978//235 1981//235 1980//235
f 1978//215 1979//215 1982//215 1981//215
f 1720//392 1724//392 1753//392 1755//392
s 1
f 1987//393 1986//394 1984//395 1989//396
f 1988//208 1987//393 1989//396 1990//208
f 1985//210 1986//394 1987//393 1988//210
f 1990//208 1989//396 1991//208 1993//208
f 1992//221 1984//395 1986//394 1985//221
f 2008//397 2007//397 1999//215 1998//215
f 2000//210 2002//398 1995//398 2001//210
f 2004//399 1994//399 1995//398 2002//398
f 2011//400 2003//400 1994//399 2004//399
f 1996//337 2005//337 2006//401 1997//401
f 1997//401 2006//401 2007//397 2008//397
f 2012//402 2013//402 2003//400 2011//400
f 2015//276 2009//276 2013//402 2012//402
f 2014//403 2010//403 2009//276 2015//276
f 2010//403 2014//403 2005//337 1996//337
s 0
f 2017//249 2020//249 2021//249 2018//249
f 2016//404 2019//404 2020//404 2017//404
f 2017//345 2018//345 2189//345 2023//345
f 2016//210 2017//210 2023//210 2022//210
f 2023//249 2024//249 2027//249 2026//249
f 2022//404 2023//404 2026//404 2025//404
f 2021//345 2020//345 2029//345 2030//345
f 2020//210 2019//210 2028//210 2029//210
f 2030//249 2029//249 2032//249 2033//249
f 2029//404 2028//404 2031//404 2032//404
f 2018//227 2021//227 1332//227 1321//227
f 1336//227 1332//227 2021//227
f 2250//310 2251//310 2253//310 2252//310
f 1318//227 2189//227 2018//227 1321//227
f 2036//210 2034//210 2037//210 2035//210
f 2034//276 2036//276 2038//276 2039//276
f 2039//215 2038//215 2040//215 2041//215
s 1
f 1494//221 1495//221 1488//221 1487//221
f 1492//227 1487//227 1486//334 1489//334
f 1492//220 1489//210 1490//210 1493//220
s 0
f 2275//227 2271//227 2272//227
s 1
f 2048//405 2046//405 2049//405 2050//405
f 2043//406 2050//406 2049//406 2047//406
f 2048//407 2044//407 2051//407 2046//407
s 0
f 2048//408 2050//408 2045//408
f 1824//227 1696//227 2243//227 2054//227
f 1682//409 1685//409 1696//409 1824//409
f 2057//210 2056//210 2059//210 2060//210
f 2056//223 2055//223 2058//223 2059//223
s 1
f 1893//410 1890//410 2061//410 2100//410
f 2100//221 2061//221 2062//221 2063//221
s 0
f 2057//221 2060//221 1981//221 1983//221
f 1980//245 1981//245 2065//245 2064//245
f 2116//227 2117//227 2067//227 2066//227
f 2068//253 2070//253 2071//253 2069//253
f 2074//221 2075//221 2077//221 2076//221
f 1525//223 1526//223 2076//223 2077//223
f 2095//411 2082//411 2096//411 2097//411
f 2097//412 2096//412 2098//412 2099//412
f 2078//221 2082//221 2095//221 2094//221
f 2087//227 2089//227 2083//227
f 2084//227 2083//227 2093//227
f 1510//227 1515//227 1516//227 1512//227
s 1
f 1470//227 1466//227 2081//227
s 0
f 2089//227 2093//227 2083//227
f 2085//227 2090//227 2089//227 2087//227
f 2086//227 2088//227 2090//227 2085//227
f 2092//227 2091//227 2087//227
f 2083//227 2092//227 2087//227
f 2095//235 2097//235 2101//235 2100//235
f 2094//215 2095//215 2100//215 2063//215
s 1
f 2110//227 2107//227 2112//227 2108//227
s 0
f 2104//413 2105//413 2102//413 2103//413
s 1
f 2104//414 2108//414 2112//414 2105//414
s 0
f 2103//415 2106//415 2111//415 2104//415
s 1
f 2109//416 2107//416 2110//416 2111//416
f 2104//417 2111//417 2110//417 2108//417
f 2109//418 2105//418 2112//418 2107//418
s 0
f 2109//419 2111//419 2106//419 2113//419
f 2102//215 2105//215 2109//215 2113//215
s 1
f 1794//227 1795//227 1792//227
s 0
f 1980//227 2115//227 2117//227 2116//227
f 2121//227 2118//227 2119//227
s 1
f 1886//227 1358//227 1889//227
f 1358//227 1887//227 1889//227
s 0
f 2119//227 2120//227 2121//227
f 2120//227 2122//227 2121//227
s 1
f 1894//381 1889//227 1239//420
f 1239//420 1890//379 1894//381
f 2131//227 2128//227 2133//227 2129//227
s 0
f 2125//413 2126//413 2123//413 2124//413
s 1
f 2125//414 2129//414 2133//414 2126//414
s 0
f 2124//415 2127//415 2132//415 2125//415
s 1
f 2130//416 2128//416 2131//416 2132//416
f 2125//421 2132//421 2131//421 2129//421
f 2130//418 2126//418 2133//418 2128//418
s 0
f 2130//419 2132//419 2127//419 2134//419
f 2123//215 2126//215 2130//215 2134//215
f 1385//422 1388//422 2137//422 2135//422
f 2139//208 2138//208 2136//208 2142//208
f 2143//208 2144//208 2140//208 2141//208
f 2144//208 2136//208 2138//208 2140//208
f 2146//210 2147//210 2152//210 2150//210
f 2153//423 2155//423 2156//423 2154//423
f 2156//210 2155//210 2157//210 2158//210
f 2158//242 2157//242 2159//242 2160//242
f 2149//210 2148//210 2145//210 2151//210
f 2149//210 2152//210 2147//210 2148//210
f 2146//210 2150//210 2151//210 2145//210
f 1646//424 1647//424 1649//424 1648//424
f 2150//210 2152//210 2162//210 2161//210
f 1195//425 1124//425 2166//425 2165//425
f 2166//426 2163//426 2167//426
f 1124//427 1195//427 1153//427 1120//427
f 2164//428 2165//428 2167//428
f 2165//429 2166//429 2167//429
f 1968//221 1947//221 2168//221 2171//221
f 1949//208 1961//208 2170//208 2169//208
f 2172//227 2173//227 2175//227 2174//227
f 1301//227 2188//227 2176//227
f 2181//227 2178//227 2182//227
f 2185//227 2186//227 2187//227
f 2191//227 2193//227 2194//227
f 2192//227 2193//227 2191//227
f 2193//227 2190//227 2194//227
f 1301//227 1305//227 2188//227
f 1305//227 1295//227 2188//227
f 2176//208 1304//208 1301//208
f 2182//227 2180//227 2179//227
f 2179//227 2181//227 2182//227
f 2184//227 2183//227 2187//227
f 2183//227 2185//227 2187//227
s 1
f 1475//245 1471//245 2195//245 2197//245
f 1472//221 1475//221 2197//221 2196//221
f 2197//345 2195//345 2198//345 2200//345
f 2196//210 2197//210 2200//210 2199//210
f 2195//227 1471//227 2201//227 2198//227
s 0
f 2202//227 2203//227 2204//227
f 2205//227 2206//227 2211//227 2207//227
f 2212//227 2208//227 2210//227
f 2210//227 2213//227 2207//227
f 2207//227 2211//227 2210//227
f 2211//227 2212//227 2210//227
f 2212//227 2209//227 2208//227
f 1481//227 1504//227 1506//227 1483//227
s 1
f 2220//208 2214//208 2217//208 2221//208
f 2215//208 2219//208 2218//208 2216//208
f 2218//208 2221//208 2217//208 2216//208
s 0
f 2223//210 2224//210 2227//210 2226//210
f 2222//208 2223//208 2226//208 2225//208
f 2228//227 2225//227 2226//227 2227//227
f 2228//215 2229//215 2230//215
f 2236//221 2232//221 2234//221 2238//221
f 2231//221 2235//221 2237//221 2233//221
f 2238//221 2234//221 2233//221 2237//221
f 2236//221 2235//221 2231//221 2232//221
f 1700//430 2239//430 2241//430 2240//430
f 2240//431 2241//431 2245//431 2244//431
s 1
f 1784//227 1790//227 1793//227
s 0
f 1316//221 1310//221 1317//221
f 1310//221 1309//221 1317//221
f 1309//221 1312//221 1317//221
f 2246//227 2247//227 2248//227 2249//227
f 1083//220 1082//220 2254//220
f 1079//227 2254//227 2256//227 2255//227
f 2257//227 2261//227 2259//227
f 2259//227 2260//227 2257//227
f 2257//227 2258//227 2261//227
f 1108//227 1106//227 1114//227 1116//227
f 987//227 985//227 993//227 995//227
f 1525//210 1521//210 2080//210 1526//210
f 1508//227 1514//227 1515//227 1510//227
f 1480//227 1502//227 1504//227 1481//227
s 1
f 1468//227 1467//227 2081//227
f 1467//227 1470//227 2081//227
f 1451//227 1450//227 1449//227 1448//227
f 1460//227 1459//227 1458//227 1457//227
s 0
f 1576//276 1575//276 1577//276
f 1575//276 1580//276 1577//276
f 2262//227 2265//227 2264//227 2263//227
f 2268//227 2270//227 2269//227
s 1
f 973//227 968//227 966//227
s 0
f 2268//227 2269//227 2266//227
f 2266//227 2267//227 2268//227
f 1031//221 1030//221 1032//221
f 2277//432 2278//432 2303//432 2280//432
f 2283//433 2281//433 2278//433 2277//433
f 2281//221 2283//221 2282//221 2279//221
f 2284//210 2285//210 2286//210 2282//210
f 2285//434 2284//434 2276//434 2287//434
f 2284//242 2282//242 2289//242 2288//242
f 2276//435 2284//435 2288//435 2290//435
f 2283//436 2277//436 2291//436 2292//436
f 2282//245 2283//245 2292//245 2289//245
f 2289//227 2292//227 2290//227 2288//227
f 2293//239 2291//239 2277//239 2280//239
f 2293//437 2280//437 2295//437 2296//437
f 2280//438 2303//438 2294//438 2295//438
f 2296//439 2292//439 2291//439 2293//439
f 2296//209 2295//209 2297//209 2298//209
f 2295//440 2294//440 2299//440 2297//440
f 2300//441 2290//441 2292//441 2296//441
f 2287//210 2276//210 2301//210 2302//210
f 2276//345 2290//345 2304//345 2301//345
f 2042//227 2271//227 2275//227 1077//227
f 2230//215 2222//215 2225//215
f 2225//215 2228//215 2230//215
f 2310//363 2311//363 2306//363 2305//363
f 2307//442 2308//442 2309//442 2312//442
f 1896//227 1898//227 1899//227 1897//227
f 1418//227 1420//227 1424//227 1416//227
f 904//215 2313//215 948//215 962//215
f 2314//221 2316//221 2317//221 2315//221
f 2326//443 2339//443 2338//443
f 2330//227 2328//227 2332//227
f 2323//444 2324//444 2338//444
f 2336//210 2335//210 2337//210
f 2340//227 2318//227 2319//227
f 2337//210 2333//210 2334//210
f 2334//210 2336//210 2337//210
f 2341//445 2342//445 2343//445 2339//445
f 2343//446 2338//446 2339//446
f 2319//227 2320//227 2321//227
f 2321//227 2340//227 2319//227
f 2346//221 2350//221 2345//221 2344//221
f 2350//210 2348//210 2347//210 2345//210
s 1
f 2354//227 2349//227 2351//227 2352//227
f 2346//249 2349//249 2354//249 2350//249
f 2353//447 2348//447 2352//447 2351//447
f 2349//239 2346//239 2353//239 2351//239
s 0
f 2357//215 2356//215 2355//215
f 2357//215 2358//215 2356//215
f 2359//448 2361//448 2364//448 2363//448
f 2363//449 2364//449 2366//449 2365//449
f 2366//210 2362//210 2360//210 2365//210
f 2338//450 2325//450 2326//450
f 2325//451 2327//451 2326//451
f 2329//227 2328//227 2330//227
f 2328//227 2331//227 2332//227
f 2343//452 2322//452 2338//452
f 2322//453 2323//453 2338//453
s 1
f 2348//242 2350//242 2354//242 2352//242
o main.001
v 22.634033 1.951173 8.000000
v 17.951172 1.951173 8.000000
v 23.414551 2.731689 7.609619
v 17.170654 2.731689 7.609619
v 17.951172 -1.951172 5.658447
v 17.951172 -0.390137 5.658447
v 17.951172 -0.390136 8.000000
v 17.951172 -1.951171 8.000000
v 17.951172 1.951173 8.000000
v 17.170654 2.731689 7.609619
v 17.170654 -1.951171 7.609619
v 18.109619 0.481689 5.658447
v 18.109619 0.481690 8.000000
v 17.951172 -0.390136 8.000000
v 17.951172 -0.390137 5.658447
v 18.633789 1.268067 5.658447
v 18.633789 1.268067 8.000000
v 18.109619 0.481690 8.000000
v 18.109619 0.481689 5.658447
v 21.951172 1.268312 8.000000
v 21.951172 1.268312 5.658447
v 22.475586 0.481445 5.658447
v 22.475586 0.481446 8.000000
v 22.475586 0.481446 8.000000
v 22.475586 0.481445 5.658447
v 22.634033 -0.390137 5.658447
v 22.634033 -0.390136 8.000000
v 22.634033 -1.951171 8.000000
v 22.634033 -0.390136 8.000000
v 22.634033 -0.390137 5.658447
v 22.634033 -1.951172 5.658447
v 23.414551 -1.951171 7.609619
v 23.414551 2.731689 7.609619
v 22.634033 1.951173 8.000000
v 22.634033 -1.951171 8.000000
v 17.170654 2.731688 -4.877930
v 23.414551 2.731688 -4.877930
v 22.634033 1.951172 -5.268066
v 17.951172 1.951172 -5.268066
v 17.951172 -1.951172 -5.268066
v 17.951172 -0.390137 -5.268066
v 17.951172 -0.390137 -2.926758
v 17.951172 -1.951172 -2.926758
v 17.170654 -1.951172 -4.877930
v 17.170654 2.731688 -4.877930
v 17.951172 1.951172 -5.268066
v 18.109619 0.481689 -5.268066
v 18.109619 0.481689 -2.926758
v 17.951172 -0.390137 -2.926758
v 17.951172 -0.390137 -5.268066
v 18.633789 1.268066 -5.268066
v 18.633789 1.268066 -2.926758
v 18.109619 0.481689 -2.926758
v 18.109619 0.481689 -5.268066
v 21.951172 1.268311 -2.926758
v 21.951172 1.268311 -5.268066
v 22.475586 0.481445 -5.268066
v 22.475586 0.481445 -2.926758
v 22.475586 0.481445 -2.926758
v 22.475586 0.481445 -5.268066
v 22.634033 -0.390137 -5.268066
v 22.634033 -0.390137 -2.926758
v 22.634033 -1.951172 -2.926758
v 22.634033 1.951172 -2.926758
v 22.634033 1.951172 -5.268066
v 22.634033 -1.951172 -5.268066
v 23.414551 -1.951172 -3.316895
v 23.414551 2.731689 -3.316895
v 23.414551 2.731688 -4.877930
v 23.414551 -1.951172 -4.877930
v 19.386475 1.769776 8.000000
v 18.633789 1.268067 8.000000
v 18.633789 1.268067 5.658447
v 19.386475 1.769776 5.658447
v 20.292480 1.951172 5.658447
v 20.292480 1.951173 8.000000
v 19.386475 1.769776 8.000000
v 19.386475 1.769776 5.658447
v 21.198730 1.769776 5.658447
v 21.198730 1.769776 8.000000
v 20.292480 1.951173 8.000000
v 20.292480 1.951172 5.658447
v 21.198730 1.769776 8.000000
v 21.198730 1.769776 5.658447
v 21.951172 1.268312 5.658447
v 21.951172 1.268312 8.000000
v 19.386475 1.769775 -2.926758
v 18.633789 1.268066 -2.926758
v 18.633789 1.268066 -5.268066
v 19.386475 1.769775 -5.268066
v 20.292480 1.951172 -5.268066
v 20.292480 1.951172 -2.926758
v 19.386475 1.769775 -2.926758
v 19.386475 1.769775 -5.268066
v 21.198730 1.769775 -5.268066
v 21.198730 1.769775 -2.926758
v 20.292480 1.951172 -2.926758
v 20.292480 1.951172 -5.268066
v 21.198730 1.769775 -2.926758
v 21.198730 1.769775 -5.268066
v 21.951172 1.268311 -5.268066
v 21.951172 1.268311 -2.926758
v 22.634033 -1.951172 -2.926758
v 22.634033 -0.390137 -2.926758
v 22.634033 -0.390137 -5.268066
v 22.634033 -1.951172 -5.268066
v 17.951172 1.951173 8.000000
v 17.951172 -0.390136 8.000000
v 18.109619 0.481690 8.000000
v 22.475586 0.481446 8.000000
v 22.634033 -0.390136 8.000000
v 22.634033 1.951173 8.000000
v 18.633789 1.268067 8.000000
v 19.386475 1.769776 8.000000
v 20.292480 1.951173 8.000000
v 21.198730 1.769776 8.000000
v 21.951172 1.268312 8.000000
v 17.951172 1.951173 5.658447
v 17.951172 -0.390136 5.658447
v 18.109619 0.481690 5.658447
v 22.475586 0.481446 5.658447
v 22.634033 -0.390136 5.658447
v 22.634033 1.951173 5.658447
v 18.633789 1.268067 5.658447
v 19.386475 1.769776 5.658447
v 20.292480 1.951173 5.658447
v 21.198730 1.769776 5.658447
v 21.951172 1.268312 5.658447
v 17.951172 1.951173 -2.926513
v 17.951172 -0.390136 -2.926513
v 18.109619 0.481690 -2.926513
v 22.475586 0.481446 -2.926513
v 22.634033 -0.390136 -2.926513
v 22.634033 1.951173 -2.926513
v 18.633789 1.268067 -2.926513
v 19.386475 1.769776 -2.926513
v 20.292480 1.951173 -2.926513
v 21.198730 1.769776 -2.926513
v 21.951172 1.268312 -2.926513
v 17.951172 1.951173 -5.268066
v 17.951172 -0.390136 -5.268066
v 18.109619 0.481690 -5.268066
v 22.475586 0.481446 -5.268066
v 22.634033 -0.390136 -5.268066
v 22.634033 1.951173 -5.268066
v 18.633789 1.268067 -5.268066
v 19.386475 1.769776 -5.268066
v 20.292480 1.951173 -5.268066
v 21.198730 1.769776 -5.268066
v 21.951172 1.268312 -5.268066
v 17.951172 -1.951172 5.658447
v 17.170654 -1.951172 6.048584
v 17.170654 2.731689 6.048584
v 17.951172 1.951172 5.658447
v 23.414551 2.731689 -3.316895
v 17.170654 2.731689 -3.316895
v 17.951172 1.951172 -2.926758
v 22.634033 1.951172 -2.926758
v 17.951172 -1.951172 -2.926758
v 17.951172 1.951172 -2.926758
v 17.170654 2.731689 -3.316895
v 17.170654 -1.951172 -3.316895
v 17.951172 1.951172 5.658447
v 22.634033 1.951172 5.658447
v 17.170654 2.731689 6.048584
v 23.414551 2.731689 6.048584
v 22.634033 -1.951172 5.658446
v 23.414551 -1.951172 6.048584
v 17.170654 2.731688 23.219482
v 23.414551 2.731688 23.219482
v 22.634033 1.951172 22.829346
v 17.951172 1.951172 22.829346
v 17.951172 -1.951172 22.829346
v 17.170654 -1.951172 23.219482
v 17.170654 2.731688 23.219482
v 17.951172 1.951172 22.829346
v 22.634033 1.951172 22.829346
v 22.634033 -1.951172 22.829346
v 23.414551 2.731688 23.219482
v 23.414551 -1.951172 23.219482
v 17.951172 1.951172 22.829346
v 17.951172 -0.390136 22.829346
v 18.109619 0.481690 22.829346
v 22.475586 0.481446 22.829346
v 22.634033 -0.390136 22.829346
v 22.634033 1.951172 22.829346
v 18.633789 1.268067 22.829346
v 19.386475 1.769776 22.829346
v 20.292480 1.951172 22.829346
v 21.198730 1.769776 22.829346
v 21.951172 1.268312 22.829346
v 17.951172 -3.609622 -36.097412
v 17.951172 -2.585208 -36.292480
v 17.951172 -1.839603 -36.789551
v 17.951172 -1.339114 -37.512695
v 17.170654 -1.170657 -38.438965
v 17.951172 -1.170657 -38.438965
v 17.951172 -1.170657 -40.000000
v 17.951172 -1.339114 -40.926025
v 17.951172 -1.839603 -41.649170
v 17.951172 -2.585208 -42.146240
v 17.170654 -3.609622 -42.341309
v 17.951172 -3.609622 -42.341309
v 17.170654 -5.073001 -42.341309
v 17.951172 -5.073002 -42.341309
v 17.951172 -1.170657 -36.097412
v 17.951172 -1.170657 -42.341309
v 17.170654 -3.609622 -36.097412
v 17.170654 -2.585208 -36.292480
v 17.170654 -1.839603 -36.789551
v 17.170654 -1.339114 -37.512695
v 17.170654 -1.170657 -40.000000
v 17.170654 -1.339114 -40.926025
v 17.170654 -1.839603 -41.649170
v 17.170654 -2.585208 -42.146240
v 17.170654 -1.170657 -36.097412
v 17.170654 -0.390140 -42.341309
v 17.170654 -0.390140 -36.097412
v 17.170654 -1.170657 -42.341309
v -0.780273 -3.609622 -34.536377
v -0.780273 -2.585208 -34.731445
v -0.780273 -1.839603 -35.228516
v -0.780273 -1.339114 -35.951660
v -1.560791 -1.170657 -36.877930
v -0.780273 -1.170657 -36.877930
v -0.780273 -1.170657 -40.000000
v -0.780273 -1.339114 -40.926025
v -0.780273 -1.839603 -41.649170
v -0.780273 -2.585208 -42.146240
v -1.560791 -3.609622 -42.341309
v -0.780273 -3.609622 -42.341309
v -0.780273 -1.170657 -34.536377
v -0.780273 -1.170657 -42.341309
v -1.560791 -3.609622 -34.536377
v -1.560791 -2.585208 -34.731445
v -1.560791 -1.839603 -35.228516
v -1.560791 -1.339114 -35.951660
v -1.560791 -1.170657 -40.000000
v -1.560791 -1.339114 -40.926025
v -1.560791 -1.839603 -41.649170
v -1.560791 -2.585208 -42.146240
v -1.560791 -1.170657 -34.536377
v -1.560791 -1.170657 -42.341309
v -0.780273 -0.390140 -42.341309
v -0.780273 -0.390140 -34.536377
v -0.780273 -1.170657 -42.341309
v -0.780273 -1.170657 -34.536377
v -1.560791 -0.390139 -26.731689
v -7.804688 -0.390139 -26.731445
v -7.804688 -0.390139 -26.731445
v -2.341309 -1.170656 -27.121826
v -7.024170 -1.170656 -27.121826
v -7.024170 -1.170656 -27.121826
v -1.560791 -5.073000 -26.731689
v -7.804688 -5.073000 -26.731445
v -2.341309 -5.073000 -27.121826
v -7.024170 -5.073000 -27.121826
v -7.804688 -0.390139 -25.170654
v -1.560791 -0.390139 -25.170654
v -7.024170 -1.170656 -24.780273
v -2.341309 -1.170656 -24.780273
v -7.804688 -5.073000 -25.170654
v -7.024170 -5.073000 -24.780273
v -1.560791 -5.073000 -25.170654
v -2.341309 -5.073000 -24.780273
v -2.341309 -5.073000 -24.780273
v -2.341309 -3.512209 -24.780273
v -2.341309 -5.073000 -27.121826
v -2.341309 -3.512209 -27.121826
v -2.500000 -2.640139 -24.780273
v -2.500000 -2.640139 -27.121826
v -3.024170 -1.853518 -24.780273
v -3.024170 -1.853518 -27.121826
v -3.776855 -1.351809 -24.780273
v -3.776855 -1.351809 -27.121826
v -4.682861 -1.170656 -24.780273
v -4.682861 -1.170656 -27.121826
v -5.588867 -1.351809 -24.780273
v -5.588867 -1.351809 -27.121826
v -6.341309 -1.853518 -24.780273
v -6.341309 -1.853518 -27.121826
v -6.865723 -2.640139 -24.780273
v -6.865723 -2.640139 -27.121826
v -7.024170 -3.511965 -24.780273
v -7.024170 -3.511965 -27.121826
v -7.024170 -5.073000 -24.780273
v -7.024170 -5.073000 -27.121826
v -2.341309 -1.170656 -24.780273
v -2.341309 -3.512209 -24.780273
v -2.500000 -2.640139 -24.780273
v -3.024170 -1.853518 -24.780273
v -3.776855 -1.351809 -24.780273
v -4.682861 -1.170656 -24.780273
v -7.024170 -1.170656 -24.780273
v -4.682861 -1.170656 -24.780273
v -5.588867 -1.351809 -24.780273
v -6.341309 -1.853518 -24.780273
v -6.865723 -2.640139 -24.780273
v -7.024170 -3.511965 -24.780273
v -2.341309 -1.170656 -27.121826
v -2.341309 -3.512209 -27.121826
v -2.500000 -2.640139 -27.121826
v -3.024170 -1.853518 -27.121826
v -3.776855 -1.351809 -27.121826
v -4.682861 -1.170656 -27.121826
v -7.024170 -1.170656 -27.121826
v -4.682861 -1.170656 -27.121826
v -5.588867 -1.351809 -27.121826
v -6.341309 -1.853518 -27.121826
v -6.865723 -2.640139 -27.121826
v -7.024170 -3.511965 -27.121826
v -26.146240 1.951169 -39.219482
v -26.146240 1.769772 -40.125488
v -26.146240 1.268063 -40.877930
v -26.146240 0.481686 -41.402344
v -26.146240 -0.390140 -41.560791
v -26.146240 1.951169 -41.560791
v -26.146240 -0.390384 -36.877930
v -26.146240 0.481686 -37.036377
v -26.146240 1.268063 -37.560791
v -26.146240 1.770017 -38.313477
v -26.146240 1.951169 -39.219482
v -26.146240 1.951169 -36.877930
v -26.536377 2.731686 -36.097412
v -26.536377 -1.951175 -36.097412
v -26.146240 -1.951175 -36.877930
v -26.146240 1.951169 -36.877930
v -26.536377 2.731686 -42.341309
v -26.146240 1.951169 -41.560791
v -26.536377 -1.951175 -42.341309
v -26.146240 -1.951175 -41.560791
v -28.097412 2.731686 -36.097412
v -28.097412 -1.951175 -36.097412
v -28.487549 -1.951175 -36.877930
v -28.487549 1.951169 -36.877930
v -28.097412 2.731686 -42.341309
v -28.487549 1.951169 -41.560791
v -28.097412 -1.951175 -42.341309
v -28.487549 -1.951175 -41.560791
v -28.487793 1.951169 -39.219482
v -28.487793 1.769772 -40.125488
v -28.487793 1.268063 -40.877930
v -28.487793 0.481686 -41.402344
v -28.487793 -0.390140 -41.560791
v -28.487793 1.951169 -41.560791
v -28.487793 -0.390384 -36.877930
v -28.487793 0.481686 -37.036377
v -28.487793 1.268063 -37.560791
v -28.487793 1.770017 -38.313477
v -28.487793 1.951169 -39.219482
v -28.487793 1.951169 -36.877930
v -28.487549 -1.951175 -41.560791
v -26.146240 -1.951175 -41.560791
v -28.487549 -0.390140 -41.560791
v -26.146240 -0.390140 -41.560791
v -28.487549 0.481686 -41.402344
v -26.146240 0.481686 -41.402344
v -28.487549 1.268063 -40.877930
v -26.146240 1.268063 -40.877930
v -28.487549 1.769772 -40.125488
v -26.146240 1.769772 -40.125488
v -28.487549 1.951169 -39.219482
v -26.146240 1.951169 -39.219482
v -28.487549 1.770017 -38.313477
v -26.146240 1.770017 -38.313477
v -28.487549 1.268063 -37.560791
v -26.146240 1.268063 -37.560791
v -28.487549 0.481686 -37.036377
v -26.146240 0.481686 -37.036377
v -28.487549 -0.390140 -36.877930
v -26.146240 -0.390140 -36.877930
v -28.487549 -1.951175 -36.877930
v -26.146240 -1.951175 -36.877930
v -26.536377 0.682860 -11.121826
v -27.316895 0.682860 -11.121826
v -26.536377 1.414550 -11.268066
v -27.316895 1.414550 -11.268066
v -26.536377 1.882811 -11.580078
v -27.316895 1.882811 -11.580078
v -26.536377 2.222899 -12.090332
v -27.316895 2.222899 -12.090332
v -26.536377 2.341308 -12.682861
v -27.316895 2.341308 -12.682861
v -26.536377 2.341308 -15.804688
v -27.316895 2.341308 -15.804688
v -26.536377 2.222899 -16.397217
v -27.316895 2.222899 -16.397217
v -26.536377 1.882811 -16.907471
v -27.316895 1.882811 -16.907471
v -26.536377 1.414550 -17.219482
v -27.316895 1.414550 -17.219482
v -26.536377 0.682860 -17.365723
v -27.316895 0.682860 -17.365723
v -26.536377 2.731688 -12.682861
v -27.316895 2.731688 -12.682861
v -26.536377 2.731688 -15.804688
v -27.316895 2.731688 -15.804688
v -27.316895 2.731688 -11.121826
v -27.316895 2.731688 -17.365723
v -26.536377 2.731688 -17.365723
v -26.536377 2.731688 -11.121826
v -31.999756 0.682860 -11.121826
v -32.780273 0.682860 -11.121826
v -31.999756 1.414550 -11.268066
v -32.780273 1.414550 -11.268066
v -31.999756 1.882811 -11.580078
v -32.780273 1.882811 -11.580078
v -31.999756 2.222899 -12.090332
v -32.780273 2.222899 -12.090332
v -31.999756 2.341308 -12.682861
v -32.780273 2.341308 -12.682861
v -31.999756 2.341308 -15.804688
v -32.780273 2.341308 -15.804688
v -31.999756 2.222899 -16.397217
v -32.780273 2.222899 -16.397217
v -31.999756 1.882811 -16.907471
v -32.780273 1.882811 -16.907471
v -31.999756 1.414550 -17.219482
v -32.780273 1.414550 -17.219482
v -31.999756 0.682860 -17.365723
v -32.780273 0.682860 -17.365723
v -31.999756 2.731688 -12.682861
v -32.780273 2.731688 -12.682861
v -31.999756 2.731688 -15.804688
v -32.780273 2.731688 -15.804688
v -32.780273 2.731688 -11.121826
v -32.780273 2.731688 -17.365723
v -31.999756 2.731688 -17.365723
v -31.999756 2.731688 -11.121826
v -43.707031 2.341307 -20.487549
v -45.268066 2.731687 -20.487549
v -42.145996 2.731687 -20.487549
v -45.268066 0.682859 -20.487549
v -45.268066 0.682859 -21.268066
v -45.121582 1.414549 -20.487549
v -45.121582 1.414549 -21.268066
v -44.809570 1.882566 -20.487549
v -44.809570 1.882566 -21.268066
v -44.299561 2.222898 -20.487549
v -44.299561 2.222898 -21.268066
v -43.707031 2.341307 -21.268066
v -43.114502 2.222898 -20.487549
v -42.145996 2.731687 -21.268066
v -45.268066 2.731687 -21.268066
v -42.145996 0.682859 -21.268066
v -42.145996 0.682859 -20.487549
v -42.292480 1.414549 -21.268066
v -42.292480 1.414549 -20.487549
v -42.604492 1.882810 -21.268066
v -42.604492 1.882810 -20.487549
v -43.114502 2.222898 -21.268066
v -43.707031 2.341307 -29.072998
v -45.268066 2.731687 -29.072998
v -42.145996 2.731687 -29.072998
v -45.268066 0.682859 -29.072998
v -45.268066 0.682859 -29.853516
v -45.121582 1.414549 -29.072998
v -45.121582 1.414549 -29.853516
v -44.809570 1.882566 -29.072998
v -44.809570 1.882566 -29.853516
v -44.299561 2.222898 -29.072998
v -44.299561 2.222898 -29.853516
v -43.707031 2.341307 -29.853516
v -43.114502 2.222898 -29.072998
v -42.145996 2.731687 -29.853516
v -45.268066 2.731687 -29.853516
v -42.145996 0.682859 -29.853516
v -42.145996 0.682859 -29.072998
v -42.292480 1.414549 -29.853516
v -42.292480 1.414549 -29.072998
v -42.604492 1.882810 -29.853516
v -42.604492 1.882810 -29.072998
v -43.114502 2.222898 -29.853516
v -34.341309 2.731688 -4.097413
v -37.463379 2.731688 -4.097413
v -34.341309 0.682860 -4.097413
v -35.309814 2.222899 -9.560791
v -34.487793 1.414550 -4.097413
v -34.799805 1.882811 -8.780273
v -34.799805 1.882811 -4.097413
v -34.799805 1.882811 -9.560791
v -35.309814 2.222899 -4.097413
v -35.309814 2.222899 -3.316895
v -35.902344 2.341308 -4.097413
v -34.487793 1.414550 -8.780273
v -36.494873 2.222899 -4.097413
v -34.487793 1.414550 -9.560791
v -37.004883 1.882567 -4.097413
v -34.341309 0.682860 -8.780273
v -37.316895 1.414550 -4.097413
v -37.316895 1.414550 -3.316895
v -37.463379 0.682860 -4.097413
v -37.463379 0.682860 -3.316895
v -34.341309 2.731688 -3.316895
v -37.463379 2.731688 -3.316895
v -34.341309 0.682860 -3.316895
v -34.487793 1.414550 -3.316895
v -34.799805 1.882811 -3.316895
v -34.341309 0.682860 -9.560791
v -35.902344 2.341308 -3.316895
v -36.494873 2.222899 -3.316895
v -37.004883 1.882567 -3.316895
v -37.463379 2.731688 -9.560791
v -34.341309 2.731688 -9.560791
v -35.309814 2.222899 -8.780273
v -35.902344 2.341308 -9.560791
v -36.494873 2.222899 -9.560791
v -36.494873 2.222899 -8.780273
v -37.004883 1.882567 -9.560791
v -37.004883 1.882567 -8.780273
v -37.316895 1.414550 -9.560791
v -37.316895 1.414550 -8.780273
v -37.463379 0.682860 -9.560791
v -37.463379 0.682860 -8.780273
v -34.341309 2.731688 -8.780273
v -37.463379 2.731688 -8.780273
v -35.902344 2.341308 -8.780273
v -8.585205 -4.682862 -18.926758
v -8.585205 -4.682862 -22.048584
v -7.804688 -4.682862 -22.048584
v -7.804688 -4.682862 -18.926758
v -8.585205 -3.609621 -18.926758
v -8.585205 -3.609621 -22.048584
v -7.804688 -3.609621 -22.048584
v -7.804688 -3.609621 -18.926758
v -7.804688 -2.877932 -21.902344
v -7.804688 -2.409670 -21.590088
v -7.804688 -2.069582 -21.080078
v -7.804688 -1.951174 -20.487793
v -7.804688 -2.069582 -19.895264
v -8.585205 -2.409669 -19.385254
v -7.804688 -2.409669 -19.385254
v -7.804688 -2.877931 -19.072998
v -7.804688 -1.560793 -20.487793
v -7.804688 -1.560793 -18.926758
v -7.804688 -1.560793 -22.048584
v -8.585205 -2.877932 -21.902344
v -8.585205 -2.409670 -21.590088
v -8.585205 -2.069582 -21.080078
v -8.585205 -1.951174 -20.487793
v -8.585205 -2.069582 -19.895264
v -8.585205 -2.877931 -19.072998
v -8.585205 -1.170655 -20.487793
v -8.585205 -1.170655 -18.926758
v -8.585205 -1.170655 -22.048584
vn -0.0000 0.4473 0.8944
vn 1.0000 -0.0000 -0.0000
vn -0.4473 -0.0000 0.8944
vn 0.9839 -0.1788 -0.0000
vn 0.8321 -0.5546 -0.0000
vn -0.8321 -0.5546 -0.0000
vn -0.9839 -0.1789 -0.0000
vn -1.0000 -0.0000 -0.0000
vn 0.4473 -0.0000 0.8944
vn -0.0000 0.4471 -0.8945
vn -0.4471 -0.0000 -0.8945
vn 0.4471 -0.0000 0.8945
vn 0.4471 -0.0000 -0.8945
vn 0.5546 -0.8321 -0.0000
vn 0.1963 -0.9805 -0.0000
vn -0.1963 -0.9806 -0.0000
vn -0.5546 -0.8321 -0.0000
vn -0.0000 -0.0000 1.0000
vn -0.0000 -0.0000 -1.0000
vn -0.0000 0.4471 0.8945
vn -0.4471 -0.0000 0.8945
vn 0.2356 0.2356 -0.9428
vn -0.0000 -0.1871 -0.9823
vn -0.0000 -0.5547 -0.8321
vn -0.0000 -0.8223 -0.5691
vn -0.0000 -0.9839 -0.1789
vn -0.0000 -1.0000 -0.0000
vn -0.0000 -0.9839 0.1790
vn -0.0000 -0.8223 0.5691
vn -0.0000 -0.5547 0.8321
vn -0.0000 -0.1871 0.9823
vn -0.0000 0.4472 -0.8944
vn -0.4473 -0.0000 -0.8944
vn -0.9838 -0.1790 -0.0000
vn -0.8322 -0.5545 -0.0000
vn -0.1961 -0.9806 -0.0000
vn 0.1961 -0.9806 -0.0000
vn 0.5548 -0.8320 -0.0000
vn 0.8321 -0.5547 -0.0000
vn 0.8945 -0.0000 0.4471
vn 0.8945 0.4471 -0.0000
vn 0.8945 -0.0000 -0.4471
vn -0.8945 -0.0000 0.4471
vn -0.8945 0.4471 -0.0000
vn -0.8945 -0.0000 -0.4471
vn -0.0000 -0.1788 0.9839
vn -0.0000 -0.5548 0.8320
vn -0.0000 -0.8320 0.5548
vn -0.0000 -0.9805 0.1963
vn -0.0000 -0.9806 -0.1961
vn -0.0000 -0.8320 -0.5548
vn -0.0000 -0.5548 -0.8320
vn -0.0000 -0.1788 -0.9839
vn -0.0000 -0.1960 -0.9806
vn -0.0000 -0.5545 -0.8322
vn -0.0000 -0.8321 -0.5546
vn -0.0000 -0.9806 -0.1960
vn -0.0000 -0.9806 0.1960
vn -0.0000 -0.8321 0.5546
vn -0.0000 -0.5545 0.8322
vn -0.0000 -0.1960 0.9806
vn 0.9805 -0.1963 -0.0000
vn 0.5551 -0.8318 -0.0000
vn 0.1960 -0.9806 -0.0000
vn -0.1960 -0.9806 -0.0000
vn -0.5548 -0.8320 -0.0000
vn -0.9805 -0.1963 -0.0000
vn -0.0000 1.0000 -0.0000
s 1
usemtl rock
f 2369//454 2370//454 2368//454 2367//454
f 2371//455 2372//455 2373//455 2374//455
f 2374//456 2375//456 2376//456 2377//456
f 2378//457 2379//457 2380//457 2381//457
f 2382//458 2383//458 2384//458 2385//458
f 2386//459 2387//459 2388//459 2389//459
f 2390//460 2391//460 2392//460 2393//460
f 2394//461 2395//461 2396//461 2397//461
f 2398//462 2399//462 2400//462 2401//462
f 2402//463 2403//463 2404//463 2405//463
f 2406//455 2407//455 2408//455 2409//455
f 2410//464 2411//464 2412//464 2406//464
f 2413//457 2414//457 2415//457 2416//457
f 2417//458 2418//458 2419//458 2420//458
f 2421//459 2422//459 2423//459 2424//459
f 2425//460 2426//460 2427//460 2428//460
f 2433//465 2434//465 2430//465 2429//465
f 2432//466 2431//466 2435//466 2436//466
f 2437//467 2438//467 2439//467 2440//467
f 2441//468 2442//468 2443//468 2444//468
f 2445//469 2446//469 2447//469 2448//469
f 2449//470 2450//470 2451//470 2452//470
f 2453//467 2454//467 2455//467 2456//467
f 2457//468 2458//468 2459//468 2460//468
f 2461//469 2462//469 2463//469 2464//469
f 2465//470 2466//470 2467//470 2468//470
f 2469//461 2470//461 2471//461 2472//461
s 0
f 2482//471 2478//471 2481//471
f 2483//471 2478//471 2482//471
f 2478//471 2483//471 2476//471
f 2478//471 2476//471 2477//471
f 2474//471 2475//471 2473//471
f 2475//471 2479//471 2473//471
f 2473//471 2479//471 2480//471
f 2481//471 2473//471 2480//471
f 2493//472 2492//472 2489//472
f 2494//472 2493//472 2489//472
f 2489//472 2487//472 2494//472
f 2489//472 2488//472 2487//472
f 2485//472 2484//472 2486//472
f 2486//472 2484//472 2490//472
f 2484//472 2491//472 2490//472
f 2492//472 2491//472 2484//472
f 2504//471 2500//471 2503//471
f 2505//471 2500//471 2504//471
f 2500//471 2505//471 2498//471
f 2500//471 2498//471 2499//471
f 2496//471 2497//471 2495//471
f 2497//471 2501//471 2495//471
f 2495//471 2501//471 2502//471
f 2503//471 2495//471 2502//471
f 2515//472 2514//472 2511//472
f 2516//472 2515//472 2511//472
f 2511//472 2509//472 2516//472
f 2511//472 2510//472 2509//472
f 2507//472 2506//472 2508//472
f 2508//472 2506//472 2512//472
f 2506//472 2513//472 2512//472
f 2514//472 2513//472 2506//472
s 1
f 2518//464 2519//464 2520//464 2517//464
f 2521//473 2522//473 2523//473 2524//473
f 2525//474 2526//474 2527//474 2528//474
f 2531//463 2532//475 2530//475 2529//463
f 2530//475 2532//475 2534//466 2533//466
f 2535//463 2536//463 2537//463 2538//463
f 2540//464 2541//464 2542//464 2539//464
f 2544//466 2543//466 2545//466 2546//466
s 0
f 2556//472 2555//472 2552//472
f 2557//472 2556//472 2552//472
f 2552//472 2550//472 2557//472
f 2552//472 2551//472 2550//472
f 2548//472 2547//472 2549//472
f 2549//472 2547//472 2553//472
f 2547//472 2554//472 2553//472
f 2555//472 2554//472 2547//472
f 2574//476 2575//476 2559//476 2558//476
f 2559//477 2575//477 2576//477 2560//477
f 2560//478 2576//478 2577//478 2561//478
f 2561//479 2577//479 2562//479 2563//479
f 2563//480 2562//480 2578//480 2564//480
f 2564//481 2578//481 2579//481 2565//481
f 2565//482 2579//482 2580//482 2566//482
f 2566//483 2580//483 2581//483 2567//483
f 2567//484 2581//484 2568//484 2569//484
f 2569//471 2568//471 2570//471 2571//471
f 2565//455 2566//455 2573//455
f 2567//455 2569//455 2573//455
f 2573//455 2564//455 2565//455
f 2566//455 2567//455 2573//455
f 2559//455 2560//455 2572//455
f 2561//455 2563//455 2572//455
f 2572//455 2558//455 2559//455
f 2560//455 2561//455 2572//455
s 1
f 2585//461 2582//461 2584//461 2583//461
s 0
f 2579//461 2585//461 2580//461
f 2581//461 2585//461 2568//461
f 2585//461 2579//461 2578//461
f 2580//461 2585//461 2581//461
f 2575//461 2582//461 2576//461
f 2577//461 2582//461 2562//461
f 2582//461 2575//461 2574//461
f 2576//461 2582//461 2577//461
f 2600//476 2601//476 2587//476 2586//476
f 2587//477 2601//477 2602//477 2588//477
f 2588//478 2602//478 2603//478 2589//478
f 2589//479 2603//479 2590//479 2591//479
f 2591//480 2590//480 2604//480 2592//480
f 2592//481 2604//481 2605//481 2593//481
f 2593//482 2605//482 2606//482 2594//482
f 2594//483 2606//483 2607//483 2595//483
f 2595//484 2607//484 2596//484 2597//484
f 2593//455 2594//455 2599//455
f 2595//455 2597//455 2599//455
f 2599//455 2592//455 2593//455
f 2594//455 2595//455 2599//455
f 2587//455 2588//455 2598//455
f 2589//455 2591//455 2598//455
f 2598//455 2586//455 2587//455
f 2588//455 2589//455 2598//455
f 2605//461 2609//461 2606//461
f 2607//461 2609//461 2596//461
f 2609//461 2605//461 2604//461
f 2606//461 2609//461 2607//461
f 2601//461 2608//461 2602//461
f 2603//461 2608//461 2590//461
f 2608//461 2601//461 2600//461
f 2602//461 2608//461 2603//461
f 2610//455 2611//455 2613//455 2612//455
f 2616//471 2615//471 2618//471 2619//471
f 2615//485 2614//485 2617//485 2618//485
f 2617//466 2614//466 2620//466 2622//466
f 2616//486 2619//486 2623//486 2621//486
f 2624//454 2626//454 2627//454 2625//454
f 2626//456 2624//456 2628//456 2629//456
f 2625//462 2627//462 2631//462 2630//462
f 2632//461 2633//461 2635//461 2634//461
f 2635//487 2633//487 2636//487 2637//487
f 2637//488 2636//488 2638//488 2639//488
f 2639//470 2638//470 2640//470 2641//470
f 2641//489 2640//489 2642//489 2643//489
f 2643//490 2642//490 2644//490 2645//490
f 2645//491 2644//491 2646//491 2647//491
f 2647//492 2646//492 2648//492 2649//492
f 2649//457 2648//457 2650//457 2651//457
f 2651//455 2650//455 2652//455 2653//455
f 2656//471 2654//471 2657//471
f 2658//471 2654//471 2659//471
f 2654//471 2656//471 2655//471
f 2657//471 2654//471 2658//471
f 2660//471 2664//471 2663//471
f 2662//471 2661//471 2660//471
f 2660//471 2665//471 2664//471
f 2663//471 2662//471 2660//471
f 2668//472 2669//472 2666//472
f 2670//472 2671//472 2666//472
f 2666//472 2667//472 2668//472
f 2669//472 2670//472 2666//472
f 2672//472 2675//472 2676//472
f 2674//472 2672//472 2673//472
f 2672//472 2676//472 2677//472
f 2675//472 2672//472 2674//472
f 2679//455 2680//455 2683//455
f 2681//455 2682//455 2683//455
f 2683//455 2678//455 2679//455
f 2680//455 2681//455 2683//455
f 2685//455 2686//455 2689//455
f 2687//455 2688//455 2689//455
f 2689//455 2684//455 2685//455
f 2686//455 2687//455 2689//455
f 2691//493 2692//493 2693//493 2690//493
f 2690//494 2693//494 2695//494 2694//494
f 2694//495 2695//495 2697//495 2696//495
f 2699//496 2698//496 2701//496 2700//496
f 2698//497 2702//497 2703//497 2701//497
f 2702//498 2704//498 2705//498 2703//498
f 2707//461 2711//461 2708//461
f 2709//461 2711//461 2710//461
f 2711//461 2707//461 2706//461
f 2708//461 2711//461 2709//461
f 2713//461 2717//461 2714//461
f 2715//461 2717//461 2716//461
f 2717//461 2713//461 2712//461
f 2714//461 2717//461 2715//461
f 2718//471 2719//471 2721//471 2720//471
f 2720//499 2721//499 2723//499 2722//499
f 2722//500 2723//500 2725//500 2724//500
f 2724//501 2725//501 2727//501 2726//501
f 2726//502 2727//502 2729//502 2728//502
f 2728//503 2729//503 2731//503 2730//503
f 2730//504 2731//504 2733//504 2732//504
f 2732//505 2733//505 2735//505 2734//505
f 2734//506 2735//506 2737//506 2736//506
f 2736//472 2737//472 2739//472 2738//472
f 2740//507 2741//507 2743//507 2742//507
f 2742//508 2743//508 2745//508 2744//508
f 2744//509 2745//509 2747//509 2746//509
f 2746//510 2747//510 2749//510 2748//510
f 2748//480 2749//480 2751//480 2750//480
f 2750//511 2751//511 2753//511 2752//511
f 2752//512 2753//512 2755//512 2754//512
f 2754//513 2755//513 2757//513 2756//513
f 2756//514 2757//514 2759//514 2758//514
f 2748//455 2750//455 2762//455 2760//455
f 2751//461 2749//461 2761//461 2763//461
f 2764//461 2747//461 2745//461
f 2765//461 2757//461 2755//461
f 2767//455 2742//455 2744//455
f 2752//455 2754//455 2766//455
f 2768//507 2769//507 2771//507 2770//507
f 2770//508 2771//508 2773//508 2772//508
f 2772//509 2773//509 2775//509 2774//509
f 2774//510 2775//510 2777//510 2776//510
f 2776//480 2777//480 2779//480 2778//480
f 2778//511 2779//511 2781//511 2780//511
f 2780//512 2781//512 2783//512 2782//512
f 2782//513 2783//513 2785//513 2784//513
f 2784//514 2785//514 2787//514 2786//514
f 2776//455 2778//455 2790//455 2788//455
f 2779//461 2777//461 2789//461 2791//461
f 2792//461 2775//461 2773//461
f 2793//461 2785//461 2783//461
f 2795//455 2770//455 2772//455
f 2780//455 2782//455 2794//455
f 2797//471 2796//471 2798//471
f 2808//471 2816//471 2798//471
f 2797//471 2805//471 2796//471
f 2797//471 2803//471 2805//471
f 2816//471 2814//471 2798//471
f 2814//471 2812//471 2798//471
f 2797//471 2801//471 2803//471
f 2797//471 2799//471 2801//471
f 2796//471 2808//471 2798//471
f 2810//472 2809//472 2807//472
f 2817//472 2809//472 2815//472
f 2810//472 2807//472 2806//472
f 2810//472 2806//472 2804//472
f 2815//472 2809//472 2813//472
f 2813//472 2809//472 2811//472
f 2810//472 2804//472 2802//472
f 2810//472 2802//472 2800//472
f 2807//472 2809//472 2817//472
f 2802//515 2801//515 2799//515 2800//515
f 2804//492 2803//492 2801//492 2802//492
f 2806//516 2805//516 2803//516 2804//516
f 2807//517 2796//517 2805//517 2806//517
f 2817//518 2808//518 2796//518 2807//518
f 2815//519 2816//519 2808//519 2817//519
f 2813//488 2814//488 2816//488 2815//488
f 2811//520 2812//520 2814//520 2813//520
f 2819//471 2818//471 2820//471
f 2830//471 2838//471 2820//471
f 2819//471 2827//471 2818//471
f 2819//471 2825//471 2827//471
f 2838//471 2836//471 2820//471
f 2836//471 2834//471 2820//471
f 2819//471 2823//471 2825//471
f 2819//471 2821//471 2823//471
f 2818//471 2830//471 2820//471
f 2832//472 2831//472 2829//472
f 2839//472 2831//472 2837//472
f 2832//472 2829//472 2828//472
f 2832//472 2828//472 2826//472
f 2837//472 2831//472 2835//472
f 2835//472 2831//472 2833//472
f 2832//472 2826//472 2824//472
f 2832//472 2824//472 2822//472
f 2829//472 2831//472 2839//472
f 2824//515 2823//515 2821//515 2822//515
f 2826//492 2825//492 2823//492 2824//492
f 2828//516 2827//516 2825//516 2826//516
f 2829//517 2818//517 2827//517 2828//517
f 2839//518 2830//518 2818//518 2829//518
f 2837//519 2838//519 2830//519 2839//519
f 2835//488 2836//488 2838//488 2837//488
f 2833//520 2834//520 2836//520 2835//520
f 2842//520 2862//520 2863//520 2844//520
f 2844//488 2863//488 2864//488 2846//488
f 2846//519 2864//519 2849//519 2848//519
f 2848//518 2849//518 2866//518 2850//518
f 2850//517 2866//517 2867//517 2852//517
f 2852//516 2867//516 2868//516 2854//516
f 2854//492 2868//492 2857//492 2856//492
f 2856//515 2857//515 2859//515 2858//515
f 2850//472 2840//472 2848//472
f 2841//472 2856//472 2858//472
f 2841//472 2854//472 2856//472
f 2844//472 2840//472 2842//472
f 2846//472 2840//472 2844//472
f 2841//472 2852//472 2854//472
f 2841//472 2850//472 2852//472
f 2848//472 2840//472 2846//472
f 2841//472 2840//472 2850//472
f 2866//471 2849//471 2860//471
f 2861//471 2859//471 2857//471
f 2861//471 2857//471 2868//471
f 2863//471 2862//471 2860//471
f 2864//471 2863//471 2860//471
f 2861//471 2868//471 2867//471
f 2861//471 2867//471 2866//471
f 2849//471 2864//471 2860//471
f 2861//471 2866//471 2860//471
f 2865//520 2855//520 2851//520 2853//520
f 2853//488 2851//488 2845//488 2847//488
f 2847//519 2845//519 2871//519 2843//519
f 2843//518 2871//518 2883//518 2872//518
f 2872//517 2883//517 2874//517 2873//517
f 2873//516 2874//516 2876//516 2875//516
f 2875//492 2876//492 2878//492 2877//492
f 2877//515 2878//515 2880//515 2879//515
f 2872//472 2870//472 2843//472
f 2869//472 2877//472 2879//472
f 2869//472 2875//472 2877//472
f 2853//472 2870//472 2865//472
f 2847//472 2870//472 2853//472
f 2869//472 2873//472 2875//472
f 2869//472 2872//472 2873//472
f 2843//472 2870//472 2847//472
f 2869//472 2870//472 2872//472
f 2883//471 2871//471 2881//471
f 2882//471 2880//471 2878//471
f 2882//471 2878//471 2876//471
f 2851//471 2855//471 2881//471
f 2845//471 2851//471 2881//471
f 2882//471 2876//471 2874//471
f 2882//471 2874//471 2883//471
f 2871//471 2845//471 2881//471
f 2882//471 2883//471 2881//471
f 2887//521 2886//521 2885//521 2884//521
f 2885//471 2886//471 2890//471 2889//471
f 2887//472 2884//472 2888//472 2891//472
f 2889//514 2890//514 2892//514 2903//514
f 2903//500 2892//500 2893//500 2904//500
f 2904//501 2893//501 2894//501 2905//501
f 2905//511 2894//511 2895//511 2906//511
f 2906//510 2895//510 2896//510 2907//510
f 2907//504 2896//504 2898//504 2897//504
f 2897//505 2898//505 2899//505 2908//505
f 2888//507 2908//507 2899//507 2891//507
f 2902//455 2894//455 2893//455
f 2901//455 2899//455 2898//455
f 2911//461 2904//461 2905//461
f 2897//461 2908//461 2910//461
f 2892//455 2890//455 2902//455
f 2902//455 2900//455 2894//455
f 2900//455 2895//455 2894//455
f 2893//455 2892//455 2902//455
f 2896//455 2895//455 2900//455
f 2901//455 2891//455 2899//455
f 2898//455 2896//455 2901//455
f 2896//455 2900//455 2901//455
f 2911//461 2889//461 2903//461
f 2911//461 2903//461 2904//461
f 2906//461 2909//461 2905//461
f 2909//461 2911//461 2905//461
f 2909//461 2906//461 2907//461
f 2909//461 2907//461 2910//461
f 2907//461 2897//461 2910//461
f 2908//461 2888//461 2910//461
f 2743//461 2741//461 2764//461
f 2764//461 2761//461 2747//461
f 2761//461 2749//461 2747//461
f 2745//461 2743//461 2764//461
f 2753//461 2751//461 2763//461
f 2765//461 2759//461 2757//461
f 2755//461 2753//461 2765//461
f 2753//461 2763//461 2765//461
f 2746//455 2748//455 2760//455
f 2767//455 2740//455 2742//455
f 2744//455 2746//455 2767//455
f 2746//455 2760//455 2767//455
f 2756//455 2758//455 2766//455
f 2766//455 2762//455 2752//455
f 2762//455 2750//455 2752//455
f 2754//455 2756//455 2766//455
f 2771//461 2769//461 2792//461
f 2792//461 2789//461 2775//461
f 2789//461 2777//461 2775//461
f 2773//461 2771//461 2792//461
f 2781//461 2779//461 2791//461
f 2793//461 2787//461 2785//461
f 2783//461 2781//461 2793//461
f 2781//461 2791//461 2793//461
f 2774//455 2776//455 2788//455
f 2795//455 2768//455 2770//455
f 2772//455 2774//455 2795//455
f 2774//455 2788//455 2795//455
f 2784//455 2786//455 2794//455
f 2794//455 2790//455 2780//455
f 2790//455 2778//455 2780//455
f 2782//455 2784//455 2794//455
o ground_road
v 36.682861 1.170649 -66.341309
v 35.902344 1.170649 -61.072998
v 41.365723 1.170649 -66.536377
v 23.414551 -1.951170 29.463379
v 23.414551 -1.951170 20.487793
v 17.170654 -1.951170 20.487793
v 17.170654 -1.951170 29.463379
v 42.146240 -1.951175 -42.341309
v 42.146240 -1.951172 -4.877930
v 23.414551 -1.951172 -4.877931
v 35.902344 -1.951173 -11.121826
v 17.170654 -1.951173 -11.121826
v -1.560791 -1.951172 -4.877930
v 35.902344 1.170650 -54.829102
v 42.146240 -1.951173 -14.243896
v -7.804688 -1.951172 1.365723
v -1.560791 -1.951172 7.609619
v 35.902344 -1.951175 -42.341309
v -7.804688 -1.951172 -4.853516
v 42.146240 -6.634033 7.597413
v 35.902344 -6.634033 7.597413
v 42.146240 1.170649 -61.072998
v 42.145996 1.170650 -54.829102
v 29.670654 -1.951175 -42.341309
v 35.902344 -1.951172 -4.877930
v -49.951172 1.170657 35.707275
v -49.951172 1.170656 29.463379
v -17.170654 1.170656 29.463379
v -17.170654 1.170657 35.707275
v -42.146118 1.170657 35.707275
v -25.755859 1.170657 35.707275
v -25.755859 1.170656 29.463379
v -39.024170 1.170656 29.451172
v -45.268066 1.170656 29.463379
v -39.024170 -1.951171 16.975586
v -45.268066 -1.951172 1.365723
v -45.268066 -1.951171 16.975586
v -39.024170 -1.951171 7.609619
v -29.658447 -1.951171 7.609619
v -29.658447 -1.951172 1.365723
v 4.682861 -1.951170 29.463379
v -7.804688 1.170656 29.463379
v 4.682861 -1.951169 35.707275
v -7.804688 1.170657 35.707275
v 14.048584 -1.951169 35.707275
v 14.048584 -1.951170 29.463379
v -1.560791 -5.072999 -17.341309
v -7.804688 -5.072999 -17.316895
v -1.560791 -5.073001 -36.097412
v -1.560791 -5.073001 -42.341309
v -14.048584 -5.073001 -36.097412
v -14.048584 -5.073001 -42.341309
v 17.170654 -5.073001 -36.097412
v 17.170654 -5.073001 -42.341309
v -23.414551 -1.951175 -36.097412
v -23.414551 -1.951175 -42.341309
v -34.341431 -1.951175 -36.097412
v -31.219482 -1.951175 -42.341309
v -37.463379 -1.951175 -42.341309
v -47.219482 -1.951175 -36.097412
v -47.219482 -1.951175 -42.341309
v -31.219482 -1.951176 -56.390137
v -37.463379 -1.951176 -56.390137
v -14.048584 -1.951172 1.365723
v -14.048584 -1.951172 7.609619
v 42.146240 -6.634033 13.072999
v 35.902344 -6.634033 13.072999
v 35.902344 -1.951175 -42.341309
v 35.902344 -1.951175 -36.097412
v 29.670654 -1.951175 -36.097412
v -1.560791 -5.073001 -36.097412
v -7.804688 -5.073003 -36.097412
vn -0.0000 1.0000 -0.0000
vn -0.0005 0.9924 -0.1227
vn -0.0005 0.9925 -0.1221
vn -0.0000 0.9701 0.2425
vn -0.0000 0.9929 0.1188
vn -0.0000 0.9839 0.1786
vn -0.0002 0.9701 -0.2426
vn 0.2425 0.9701 -0.0000
vn 0.1222 0.9925 -0.0000
vn -0.1221 0.9925 -0.0000
vn 0.1602 0.9871 -0.0000
s 1
usemtl rock
f 2915//522 2916//522 2917//522 2918//522
f 2924//523 2930//524 2927//522 2928//522
f 2919//525 2934//525 2925//525 2929//525
f 2923//522 2921//522 2936//526 2922//522
f 2922//522 2926//522 2919//522 2929//522
f 2933//522 2914//522 2912//522 2913//522
f 2933//522 2913//522 2925//522 2934//522
f 2922//522 2936//526 2920//527 2926//522
f 2942//522 2943//522 2944//522 2941//522
f 2939//522 2943//522 2942//522 2940//522
f 2941//522 2945//522 2938//522 2937//522
f 2944//528 2946//528 2948//528 2945//528
f 2946//522 2949//522 2947//522 2948//522
f 2950//522 2951//522 2947//522 2949//522
f 2954//529 2952//529 2953//530 2955//530
f 2955//530 2953//530 2939//522 2940//522
f 2956//522 2957//522 2952//522 2954//522
f 2941//522 2944//522 2945//522
f 2921//522 2923//522 2917//522 2916//522
f 2930//524 2924//523 2958//524 2959//523
f 2959//523 2958//524 2982//522 2983//522
f 2961//522 2960//522 2964//531 2965//531
f 2935//531 2965//531 2964//531 2981//531
f 2962//532 2963//532 2967//532 2966//532
f 2966//532 2967//532 2969//522 2968//522
f 2968//522 2969//522 2970//522
f 2968//522 2970//522 2972//522 2971//522
f 2970//522 2969//522 2973//522 2974//522
f 2928//522 2927//522 2975//522 2976//522
f 2936//526 2932//527 2931//527 2920//527
f 2931//527 2932//527 2978//522 2977//522
f 2979//522 2935//531 2981//531 2980//522
f 2961//522 2963//532 2962//532 2960//522
o rocks_actual
v -17.482422 1.196041 -52.565674
v -18.722656 0.987545 -51.413574
v -18.744629 -2.099858 -49.333740
v -15.418945 -2.099858 -52.049805
v -21.925049 0.994137 -50.632812
v -21.947021 -2.093266 -48.552979
v -18.744629 -3.353520 -49.333740
v -15.418945 -3.353520 -52.049805
v -21.947021 -3.346928 -48.552979
v -20.292480 1.548580 -53.268066
v -26.536377 1.948905 -53.308670
v -26.536377 1.315670 -50.775391
v -26.536377 -1.073002 -49.173584
v -30.243652 4.292476 -56.780273
v -27.707275 4.292476 -54.243896
v -26.914551 4.292722 -53.268066
v -20.026855 1.343502 -52.524170
v -21.853516 4.289547 -53.258545
v -26.536377 1.780269 -52.634033
v -19.985685 2.347115 -54.649460
v -21.812346 5.293159 -55.383835
v -20.292480 5.612789 -53.268066
v -24.926758 5.072993 -54.036377
v -24.926758 4.292475 -54.036377
v -29.670654 5.072994 -56.402344
v -29.670654 4.292476 -56.402344
v -36.690430 5.853511 -62.253906
v -39.036377 4.292475 -64.207275
v -20.292480 5.853511 -54.013428
v -22.829102 6.329098 -56.780273
v -28.617676 7.414546 -62.965088
v -34.353516 7.414546 -65.780518
v -20.292480 5.853512 -64.195068
v -14.048584 5.060788 -51.707031
v -28.617676 7.414546 -70.230225
v -34.353516 7.414546 -76.540283
v -18.105469 6.164546 -55.027100
v -14.048584 -3.876052 -51.703915
v -20.292480 -1.609623 -53.268066
v -20.292480 1.548580 -53.268066
v -9.341309 -4.381840 -47.865723
v -9.341309 -0.464603 -47.865723
v -14.048584 -3.876052 -51.703915
v -14.048584 -0.390141 -51.707275
v -6.255859 -4.444828 -47.085205
v -6.255859 -0.440234 -46.947281
v -1.560791 -4.444828 -47.011963
v -1.560791 -0.390141 -47.011963
v -6.220215 2.563228 -49.074219
v -1.556266 2.868995 -49.205570
v -9.373535 2.565426 -49.867676
v -11.337158 2.903316 -51.707275
v -0.387512 2.702924 -49.106369
v -1.560791 3.902340 -53.255859
v 0.917331 3.708585 -53.890285
v -7.768066 3.107174 -51.707275
v -7.768066 3.107174 -51.707275
v -14.048584 -0.390141 -51.707275
v -14.048584 5.060787 -51.707275
v -7.768311 5.063228 -51.707275
v -1.560791 3.902340 -53.255859
v 1.604736 5.831538 -54.047363
v 4.325036 3.442149 -54.762695
v 4.682861 4.292475 -54.816895
v -12.115967 7.020260 -59.406738
v -11.393066 7.121822 -57.951172
v -0.951172 7.109615 -57.951172
v 4.682861 4.292475 -61.072998
v 1.604736 5.831538 -61.854736
v -7.756104 5.220942 -64.195068
v -39.036377 4.292474 -78.243896
v -35.902344 6.377924 -78.243896
v -50.327362 5.571531 -36.243652
v -48.377930 2.718016 -36.097412
v -48.691544 6.333738 -29.853516
v -46.807266 3.511961 -29.853516
v -55.024414 7.594969 -31.414551
v -56.081543 7.057858 -35.647217
v -53.707520 5.231931 -42.343506
v -54.634033 4.578366 -44.699707
v -54.634033 4.292477 -45.699463
v -57.755859 4.292477 -45.768311
v -57.755859 5.226314 -42.350586
v -48.377930 -1.205080 -36.097412
v -46.807266 -0.411135 -29.853516
v -47.444988 -2.744875 -36.585205
v -45.874325 -1.950930 -30.341309
v -46.777843 4.144773 -24.860352
v -48.870834 7.412296 -23.258791
v -48.968994 7.414549 -24.394775
v -49.951172 7.414549 -25.664551
v -49.951172 7.414549 -23.004780
v -51.035400 9.583251 -15.459475
v -50.341309 8.195067 -12.682862
v -46.829102 4.292478 -23.609619
v -46.829102 3.511961 -25.170654
v -27.865723 3.085201 -52.877930
v -27.865723 1.902340 -52.877930
v -26.646240 2.048580 -52.877930
v -26.646240 3.583248 -52.877930
v -27.619385 1.468502 -51.114014
v -26.646240 3.583004 -52.877930
v -27.865723 3.085201 -52.877686
v -27.999756 1.463375 -51.268311
v -26.685633 2.721079 -49.305847
v -26.853760 1.951168 -49.658447
v -27.250488 3.300045 -50.531250
v -27.913439 2.666338 -49.209587
v -27.777344 3.296871 -50.525635
v -27.868164 1.944820 -49.647461
vn 0.5618 0.4594 0.6879
vn 0.1994 0.5465 0.8134
vn 0.2369 -0.0000 0.9715
vn 0.6325 -0.0000 0.7745
vn 0.0610 0.9685 0.2414
vn 0.0603 0.9685 0.2416
vn 0.0125 0.5579 0.8298
vn -0.0008 0.2429 0.9701
vn 0.7840 0.5553 0.2774
vn -0.0002 0.9042 0.4270
vn -0.1469 0.9799 0.1347
vn -0.1435 0.9798 0.1390
vn -0.1407 0.9810 0.1333
vn -0.1636 -0.0000 0.9865
vn -0.4463 -0.0000 0.8949
vn -0.6402 0.0006 0.7682
vn -0.1573 0.9379 0.3091
vn -0.1571 0.9381 0.3088
vn -0.1572 0.9379 0.3092
vn -0.1544 0.9379 0.3106
vn -0.1545 0.9387 0.3081
vn -0.0000 1.0000 -0.0000
vn 0.0132 0.9517 0.3067
vn 0.0013 0.9514 0.3081
vn 0.0094 0.9498 0.3128
vn 0.0103 0.9499 0.3123
vn 0.1849 0.9827 0.0060
vn 0.1809 0.9835 -0.0047
vn 0.1822 0.9832 0.0056
vn -0.2371 0.0011 0.9715
vn -0.2437 0.0060 0.9698
vn -0.2425 -0.0000 0.9701
vn -0.2371 0.0010 0.9715
vn -0.2429 0.0003 0.9701
vn -0.6321 0.0004 0.7749
vn -0.2655 -0.0168 0.9640
vn -0.0008 -0.0171 0.9999
vn -0.0044 0.5679 0.8231
vn -0.2227 0.5507 0.8045
vn -0.5604 0.4563 0.6912
vn 0.0089 0.5583 0.8296
vn 0.1303 0.9617 0.2411
vn -0.0570 0.9701 0.2360
vn -0.0606 0.9682 0.2426
vn -0.0000 -0.0000 1.0000
vn 0.2421 0.0004 0.9702
vn 0.2433 -0.0133 0.9699
vn 0.1843 0.9829 -0.0000
vn -0.1397 0.9902 -0.0059
vn -0.1467 0.9892 0.0009
vn -0.1409 0.9900 0.0060
vn -0.1400 0.9901 0.0061
vn -0.1413 0.9899 -0.0057
vn -0.1471 0.9891 0.0012
vn -0.1463 0.9892 -0.0027
vn 0.0004 0.9971 -0.0761
vn 0.0012 0.9975 -0.0702
vn 0.0037 0.9979 -0.0648
vn 0.0011 0.9499 0.3125
vn 0.0059 0.9490 0.3151
vn 0.0064 0.9503 0.3113
vn -0.0039 0.9486 0.3165
vn 0.0060 0.9490 0.3151
vn 0.0003 0.9498 0.3128
vn 0.0005 0.9499 0.3126
vn 0.4483 0.8939 -0.0012
vn 0.4472 0.8944 -0.0000
vn 0.4480 0.8941 -0.0008
vn 0.0341 0.9487 -0.3144
vn 0.0392 0.9495 -0.3113
vn 0.0400 0.9487 -0.3135
vn 0.0340 0.9487 -0.3144
vn 0.0399 0.9487 -0.3136
vn -0.5547 0.8321 -0.0000
vn -0.5547 0.8321 -0.0001
vn -0.5547 0.8320 -0.0000
vn -0.5546 0.8321 0.0003
vn -0.5547 0.8321 0.0001
vn 0.8013 0.5343 -0.2692
vn 0.2304 0.9568 -0.1773
vn 0.2303 0.9568 -0.1773
vn 0.2302 0.9568 -0.1774
vn 0.2304 0.9568 -0.1772
vn 0.2305 0.9568 -0.1772
vn 0.2306 0.9568 -0.1770
vn 0.0001 0.9643 -0.2648
vn 0.0001 0.9643 -0.2649
vn -0.0001 0.9644 -0.2644
vn 0.0034 0.9642 -0.2650
vn -0.0007 0.9650 -0.2621
vn -0.0006 0.9651 -0.2618
vn 0.7300 0.5569 -0.3962
vn 0.7169 0.5597 -0.4156
vn 0.7203 0.5593 -0.4102
vn 0.7227 0.5590 -0.4065
vn 0.7240 0.5563 -0.4080
vn 0.7202 0.5595 -0.4102
vn 0.7239 0.5563 -0.4079
vn 0.7298 0.5570 -0.3963
vn 0.9698 -0.0000 -0.2440
vn 0.7839 0.5599 -0.2684
vn 0.8296 0.5533 -0.0757
vn 0.8294 0.5535 -0.0754
vn 0.8241 0.5621 -0.0694
vn 0.8297 0.5562 -0.0470
vn 0.8294 0.5567 -0.0470
vn 0.8314 0.5535 -0.0491
vn 0.8311 0.5541 -0.0479
vn 0.2339 0.9553 -0.1808
vn 0.2332 0.9563 -0.1766
vn 0.2296 0.9575 -0.1745
vn 0.0008 1.0000 0.0006
vn 0.0040 1.0000 0.0011
vn 0.0011 1.0000 0.0007
vn 0.2357 0.9554 -0.1780
vn 0.2386 0.9541 -0.1810
vn 0.8944 0.4472 -0.0000
vn 0.9965 -0.0835 0.0047
vn 0.9965 -0.0830 0.0046
vn 0.9965 -0.0829 0.0041
vn -0.9966 -0.0000 -0.0830
vn 0.8756 -0.0000 0.4831
vn -0.2807 0.6877 0.6696
vn -0.1543 0.9380 0.3105
vn 0.9072 -0.0054 -0.4207
vn -0.0057 -0.5444 -0.8388
vn -0.9947 -0.0000 -0.1029
s 0
usemtl rock
f 2985//533 2986//533 2987//533 2984//533
f 2985//534 2988//534 2989//534 2986//534
f 2986//535 2989//535 2992//535 2990//535
f 2987//536 2986//536 2990//536 2991//536
f 3023//537 2988//537 2985//537 2984//537
f 2995//538 2988//538 3023//538 2994//538
f 2989//539 2988//539 2995//539 2996//539
f 3001//540 2999//540 3002//540 3000//540
f 3001//541 3000//541 3003//541 3004//541
f 3001//542 3004//542 2999//542
f 2997//543 2998//544 2999//545 3004//545
f 3005//546 3006//546 3007//546 2993//546
f 3007//547 3006//547 3008//547 3009//547
f 3009//548 3008//548 3010//548 3011//548
f 3013//549 3006//549 3005//549
f 3012//550 3013//550 3005//550
f 3013//551 3008//551 3006//551
f 3008//552 3013//553 3014//552
f 3015//554 3014//554 3018//554 3019//554
f 3012//555 3005//556 3017//557 3020//558
f 3013//559 3012//560 3016//561
f 3017//562 3005//563 2993//564
f 2993//564 3022//564 3017//565
f 3022//566 3021//566 3017//562
f 3024//567 3025//567 3027//567 3026//567
f 3025//568 3024//568 3028//568 3029//568
f 3029//569 3028//569 3030//569 3031//569
f 3029//570 3031//570 3033//570 3032//570
f 3025//571 3029//571 3032//571 3034//571
f 3027//572 3025//572 3034//572 3035//572
f 3033//573 3031//573 3036//573
f 3033//574 3036//574 3038//574 3037//574
f 3039//575 3035//575 3034//575 3032//575
f 3032//576 3033//576 3037//576 3039//576
f 3041//577 3040//577 3043//577 3042//577
f 3040//578 3044//578 3045//578 3043//578
f 3045//579 3044//579 3046//579 3047//579
f 3014//580 3013//559 3016//561 3018//580
f 3012//581 3020//582 3016//583
f 3016//584 3020//585 3049//586 3048//587
f 3049//588 3050//589 3048//590
f 3050//591 3049//592 3043//591
f 3020//593 3017//594 3049//595
f 3017//594 3043//596 3049//592
f 3043//597 3045//597 3050//597
f 3050//598 3047//599 3051//599
f 3051//599 3052//599 3050//598
f 3050//600 3045//599 3047//599
f 3050//601 3052//601 3053//601
f 3016//602 3048//603 3053//604
f 3048//605 3050//601 3053//601
f 3019//606 3055//606 3054//607
f 3054//608 3011//608 3019//608
f 3011//609 3010//610 3015//610
f 3019//608 3011//608 3015//608
f 3056//611 3058//611 3059//611 3057//611
f 3060//612 3056//613 3061//614
f 3058//615 3056//616 3060//617
f 3056//612 3062//612 3061//612
f 3063//618 3064//618 3065//618
f 3065//618 3066//618 3063//619
f 3066//620 3061//621 3062//622
f 3063//619 3066//619 3062//623
f 3064//624 3063//625 3062//626
f 3056//627 3057//628 3062//629
f 3057//630 3064//631 3062//629
f 3057//632 3059//632 3068//632 3067//632
f 3067//633 3068//633 3070//633 3069//633
f 3071//634 3059//634 3058//635
f 3058//636 3073//636 3071//636
f 3073//637 3072//638 3078//639 3071//640
f 3060//641 3074//642 3073//642 3058//643
f 3075//644 3072//645 3073//646 3074//644
f 3074//647 3060//648 3076//647
f 3075//649 3076//649 3077//649
f 3075//649 3074//649 3076//649
f 3071//650 3079//651 3059//652
s 1
f 3087//653 3080//653 3081//653
f 3082//654 3083//654 3084//654
f 3085//655 3086//655 3087//655 3084//655
s 0
f 3015//552 3010//552 3014//552
f 3010//656 3008//656 3014//656
s 1
f 3090//657 3088//657 3089//657
f 3092//658 3090//658 3089//658 3093//658
f 3093//659 3091//659 3092//659
o doors
v 20.487793 -1.951171 7.731689
v 20.487793 1.914552 7.731689
v 22.634033 1.902344 6.731689
v 22.634033 -1.951172 6.731689
v 22.634033 -1.951172 6.951172
v 22.634033 1.902345 6.951172
v 20.560791 1.901368 7.902344
v 20.560791 -1.951171 7.902344
v 17.951172 -1.951172 6.707275
v 17.951172 1.902345 6.707275
v 20.024170 -1.951172 5.755859
v 20.024170 1.902344 5.755859
v 20.097412 -1.951172 5.926758
v 20.097412 1.914551 5.926758
v 17.951172 -1.951172 6.926758
v -7.024170 -5.073000 -26.048584
v -7.024178 -1.219468 -26.048506
v -27.219482 1.902341 -41.560791
v -4.890137 -1.219484 -25.060791
v -4.890137 -5.073000 -25.060791
v -4.963379 -1.231691 -24.877930
v -4.963379 -5.073000 -24.877930
v -4.963135 -5.073000 -24.877930
v -4.963135 -1.231691 -24.877930
v -7.024181 -1.231684 -25.829056
v -7.024170 -5.073000 -25.829102
v -2.344702 -1.183205 -26.062759
v -2.341309 -5.073000 -26.060791
v -2.341309 -5.073000 -25.853516
v 17.951172 1.902345 6.926758
v -2.341311 -1.195075 -25.853491
v -4.487793 -1.195070 -26.853516
v -4.487793 -5.073000 -26.853516
v -4.426758 -1.219484 -27.024170
v -4.426758 -5.073000 -27.024170
v -27.414551 -1.951175 -36.877930
v -26.426758 1.902341 -39.011963
v -26.426758 -1.951175 -39.011963
v -26.243896 -1.951175 -38.938965
v -26.243896 1.890134 -38.938965
v -27.195068 1.902341 -36.877930
v -27.195068 -1.951175 -36.877930
v -28.390137 -1.951175 -39.475586
v -27.426758 -1.951175 -41.560791
v -27.219482 -1.951175 -41.560791
v -28.219482 -1.951175 -39.414551
v -28.219482 1.926755 -39.414551
v -28.390137 1.902341 -39.475586
v -27.426758 1.902341 -41.560791
v 20.487793 1.914552 7.731445
v 20.487793 -1.951171 7.731445
v -27.414551 1.902341 -36.877930
vn -0.4223 -0.0000 -0.9064
vn 0.4170 -0.0000 0.9089
vn -0.3811 -0.0000 0.9245
vn -0.3602 -0.0000 0.9329
vn -0.4171 -0.0000 -0.9089
vn 0.9191 -0.0000 -0.3939
vn 0.4223 -0.0000 0.9064
vn 0.9283 -0.0000 0.3718
vn -0.4223 -0.0000 0.9065
vn 0.4200 -0.0000 -0.9075
vn -0.9416 -0.0000 -0.3368
vn -0.9075 -0.0000 -0.4201
vn 0.3707 -0.0000 -0.9287
vn 0.9080 -0.0000 0.4190
vn -0.9078 -0.0000 -0.4194
vn 0.9064 -0.0000 0.4223
vn -0.3368 -0.0000 0.9416
vn -0.9196 -0.0000 0.3928
vn 0.4193 -0.0000 -0.9078
vn -0.4190 -0.0000 0.9080
s 1
usemtl gorea
f 3094//660 3095//660 3096//660 3097//660
f 3098//661 3099//661 3100//662 3101//663
f 3102//664 3103//664 3105//664 3104//664
f 3104//665 3105//665 3107//665 3106//665
f 3106//666 3107//666 3123//666 3108//666
f 3113//667 3112//667 3114//667 3115//667
f 3124//668 3125//668 3126//668 3122//668
f 3110//669 3112//669 3113//669 3109//669
f 3126//670 3125//670 3127//670 3128//670
f 3129//671 3145//671 3130//671 3131//671
f 3131//672 3130//672 3133//672 3132//672
f 3132//673 3133//673 3134//673 3135//673
f 3136//674 3141//674 3142//674 3137//674
f 3138//675 3111//675 3140//675 3139//675
f 3139//676 3140//676 3141//676 3136//676
f 3101//663 3100//662 3143//677 3144//677
f 3120//678 3121//678 3128//678 3127//678
f 3118//679 3119//679 3116//679 3117//679
o boxs_metal
v 30.048584 1.951169 -42.731689
v 31.976807 1.951169 -45.801270
v 30.466797 1.951169 -46.196533
v 30.071533 1.951169 -44.686279
v 33.951172 1.951168 -48.195068
v 35.511963 1.951168 -46.634033
v 30.048584 3.511960 -43.121826
v 31.609619 3.511960 -44.682861
v 31.609619 3.511960 -43.121826
v 30.048584 0.390134 -42.731689
v 30.048584 1.951169 -44.292480
v 30.048584 0.390134 -44.292480
v 31.609619 0.390134 -44.292480
v 31.609619 1.951169 -44.292480
v 31.609619 1.951169 -42.731689
v 31.609619 0.390134 -42.731689
v 30.466797 0.390134 -46.196533
v 30.071533 0.390134 -44.686279
v 31.581787 0.390134 -44.291260
v 31.976807 0.390134 -45.801514
v 31.581787 1.951169 -44.291016
v 33.951172 0.390133 -46.634033
v 33.951172 1.951168 -46.634033
v 33.951172 0.390133 -48.195068
v 35.511963 0.390133 -48.195068
v 35.511963 1.951168 -48.195068
v 35.511963 0.390133 -46.634033
v 30.048584 3.511960 -44.682861
v 31.609619 1.951169 -44.682861
v 30.048584 1.951169 -43.121826
v 30.048584 1.951169 -44.682861
v 31.609619 1.951169 -43.121826
v 35.902344 0.329099 -45.048828
v 37.463379 -1.182864 -45.438965
v 37.463379 0.329099 -45.048584
v 37.463379 -1.573001 -43.926758
v 37.463379 -0.060794 -43.536377
v 35.902344 -1.573001 -43.926758
v 35.902344 -1.182864 -45.438965
v 35.902344 -0.060794 -43.536377
v -35.902344 1.170650 -48.975586
v -34.341309 1.170650 -47.414551
v -28.097412 1.170650 -52.487793
v -18.731689 -1.951175 -46.243896
v -17.170654 -1.951176 -47.804688
v -17.170654 -2.731693 -47.024170
v -17.170654 -2.536381 -47.024170
v -15.609619 -2.536381 -48.585205
v -15.609619 -2.536381 -47.024170
v -35.902344 -1.951176 -47.414551
v -35.902344 -1.951176 -48.975586
v -34.341309 -1.951176 -48.975586
v -34.341309 -1.951176 -47.414551
v -35.902344 1.170650 -47.414551
v -34.341309 1.170650 -48.975586
v -28.097412 -1.951176 -50.926758
v -29.658447 1.170650 -50.926758
v -29.658447 -1.951176 -52.487793
v -28.097412 -1.951176 -52.487793
v -28.097412 1.170650 -50.926758
v -29.658447 1.170650 -52.487793
v -29.658447 -1.951176 -50.926758
v -18.731689 -3.511966 -46.243896
v -18.731689 -1.951176 -47.804688
v -18.731689 -3.511966 -47.804688
v -17.170654 -3.511966 -47.804688
v -17.170654 -1.951175 -46.243896
v -17.170654 -3.511966 -46.243896
v -17.170654 -4.146244 -45.463379
v -17.170654 -2.731692 -45.463379
v -15.609619 -2.731693 -47.024170
v -15.609619 -2.731692 -45.463379
v -15.609619 -4.146244 -45.463379
v -17.170654 -2.536381 -48.585205
v -17.170654 -4.146244 -48.585205
v -15.609619 -4.146244 -48.585205
v -28.097412 -0.390141 -49.365723
v -28.097412 -1.951176 -49.365723
v -28.097412 -0.390141 -50.926758
v -31.219482 -1.951176 -49.365723
v -31.219482 -0.390141 -49.365723
v -31.219482 -0.390141 -50.926758
v -31.219482 -1.951176 -50.926758
v -28.097412 -1.951176 -50.926758
v -35.313721 -0.390141 -55.780762
v -36.670898 -0.390141 -56.552002
v -37.442139 -0.390141 -55.194580
v -36.084961 -0.390141 -54.423340
v -36.084961 -1.951176 -54.423340
v -36.670898 -0.390141 -56.551758
v -35.313721 -0.390141 -55.780518
v -35.313721 -1.951176 -55.780518
v -36.670898 -1.951176 -56.551758
v -37.442139 -0.390141 -55.194824
v -37.442139 -1.951176 -55.194824
v -37.442139 -1.951176 -55.194580
v -36.670898 -1.951176 -56.552002
v 1.170654 -1.951175 -34.536377
v 1.170654 -1.951175 -36.097412
v 2.731689 -1.951175 -36.097412
v 2.731689 -1.951175 -34.536377
v 1.170654 -5.073000 -34.536377
v 1.170654 -5.073001 -36.097412
v 2.731689 -5.073001 -36.097412
v 2.731689 -5.073000 -34.536377
v -3.511963 -0.390137 6.048584
v -1.951172 -0.390137 6.048584
v -1.951172 -0.390136 7.609619
v -1.951172 -1.951171 7.609619
v -3.511963 -1.951171 7.609619
v -3.511963 -1.951172 6.048584
v -3.511963 -0.390136 7.609619
v -1.951172 -1.951172 6.048584
v -9.365723 1.170654 -0.195068
v -9.365723 1.170654 -1.755859
v -7.804688 1.170654 -1.755859
v -7.804688 1.170654 -0.195068
v -7.804688 -1.951172 -1.755859
v -7.804688 -1.951172 -0.195068
v -9.365723 -1.951172 -0.195068
vn 0.5774 0.5774 0.5774
vn 0.5774 0.5774 -0.5774
vn -0.5774 0.5774 -0.5774
vn -0.5774 0.5774 0.5774
vn 0.7047 0.5774 -0.4124
vn -0.4124 0.5774 -0.7047
vn -0.7047 0.5773 0.4124
vn 0.4124 0.5773 0.7047
vn -1.0000 -0.0000 -0.0000
vn 1.0000 -0.0000 -0.0000
vn -0.0000 -0.0000 1.0000
vn -0.0000 -0.0000 -1.0000
vn -0.5050 0.0001 -0.8631
vn 0.8630 -0.0000 -0.5052
vn -0.8631 -0.0001 0.5051
vn 0.5052 -0.0001 0.8630
vn -0.5774 -0.5774 0.5774
vn -0.5774 -0.5774 -0.5774
vn 0.5774 -0.5774 -0.5774
vn 0.5774 -0.5774 0.5774
vn 0.5773 0.4148 0.7033
vn 0.5774 0.7033 -0.4148
vn -0.0000 0.8613 -0.5081
vn -0.0000 0.5081 0.8613
vn 0.7071 0.1767 -0.6847
vn 0.7071 -0.1767 0.6846
vn -0.0000 -0.2500 0.9683
vn 0.0001 0.2499 -0.9683
vn -0.0000 0.7071 0.7071
vn -0.0000 0.7071 -0.7071
vn -0.5774 0.5773 0.5773
vn -0.0000 1.0000 -0.0000
vn -0.7071 -0.0000 0.7071
vn -0.6148 0.7071 -0.3493
vn 0.9641 -0.0000 -0.2654
vn 0.2654 -0.0000 0.9642
vn 0.4941 -0.0000 -0.8694
vn -0.4942 -0.0000 0.8694
vn -0.8695 -0.0000 -0.4940
vn 0.7071 0.7071 -0.0000
vn -0.7071 0.7071 -0.0000
vn -0.7071 -0.0000 -0.7071
vn 0.7071 -0.0000 -0.7071
s 1
usemtl metal
f 3160//680 3159//681 3156//682 3146//683
f 3147//684 3148//685 3149//686 3166//687
f 3151//680 3171//681 3150//682 3168//683
f 3154//680 3153//681 3173//682 3152//683
f 3155//688 3146//683 3156//682 3157//688
f 3158//689 3159//681 3160//680 3161//689
f 3161//690 3160//680 3146//683 3155//690
f 3157//691 3156//682 3159//681 3158//691
f 3162//692 3148//685 3147//684 3165//693
f 3163//694 3149//686 3148//685 3162//692
f 3166//687 3149//686 3163//694 3164//695
f 3165//693 3147//684 3166//687 3164//695
f 3167//688 3168//683 3150//682 3169//688
f 3170//689 3171//681 3151//680 3172//689
f 3172//690 3151//680 3168//683 3167//690
f 3169//691 3150//682 3171//681 3170//691
f 3175//696 3152//683 3173//682 3176//697
f 3174//698 3153//681 3154//680 3177//699
f 3177//699 3154//680 3152//683 3175//696
f 3176//697 3173//682 3153//681 3174//698
f 3174//698 3177//699 3175//696 3176//697
f 3182//700 3180//701 3178//702 3185//703
f 3179//704 3180//701 3182//700 3181//705
f 3181//705 3182//700 3185//703 3183//706
f 3184//707 3178//702 3180//701 3179//704
f 3187//680 3200//681 3186//682 3199//683
f 3205//708 3188//709 3206//682 3202//710
f 3212//680 3190//681 3209//682 3189//683
f 3217//711 3216//711 3191//711 3215//711
f 3194//711 3193//711 3219//711 3192//711
f 3198//690 3187//680 3199//683 3195//690
f 3195//688 3199//683 3186//682 3196//688
f 3196//691 3186//682 3200//681 3197//691
f 3203//691 3206//682 3188//709 3204//691
f 3197//689 3200//681 3187//680 3198//689
f 3208//688 3189//683 3209//682 3210//688
f 3211//689 3190//681 3212//680 3213//689
f 3213//690 3212//680 3189//683 3208//690
f 3210//691 3209//682 3190//681 3211//691
f 3194//690 3192//690 3191//690 3216//690
f 3218//690 3217//690 3215//690 3214//690
f 3220//691 3219//691 3193//691 3221//691
f 3205//708 3202//710 3207//712 3201//690
f 3202//710 3206//682 3203//688 3207//712
f 3224//709 3227//682 3226//683 3222//708
f 3225//688 3226//683 3227//682 3228//688
f 3228//691 3227//682 3224//709 3229//691
f 3226//683 3225//690 3223//690 3222//708
f 3230//711 3231//713 3232//713 3233//711
f 3237//714 3236//714 3233//715 3234//715
f 3235//716 3236//714 3237//714 3238//716
f 3234//715 3233//715 3239//717 3240//717
f 3241//718 3232//713 3231//713 3242//718
f 3246//719 3245//681 3244//682 3243//720
f 3248//721 3247//688 3243//720 3244//682
f 3245//681 3249//722 3248//721 3244//682
f 3249//722 3245//681 3246//719 3250//689
f 3253//680 3252//681 3251//682 3257//683
f 3255//688 3257//683 3251//682 3256//688
f 3258//689 3252//681 3253//680 3254//689
f 3254//690 3253//680 3257//683 3255//690
f 3256//691 3251//682 3252//681 3258//691
f 3262//680 3261//719 3260//711 3259//708
f 3264//690 3262//680 3259//708 3265//690
f 3263//689 3261//719 3262//680 3264//689
f 3193//689 3216//689 3221//689
f 3218//689 3216//689 3217//689
f 3191//688 3219//688 3220//688
f 3191//688 3214//688 3215//688
f 3193//689 3194//689 3216//689
f 3218//689 3221//689 3216//689
f 3191//688 3192//688 3219//688
f 3191//688 3220//688 3214//688
o ground_sand
v 43.707275 1.560787 -54.829102
v 43.707275 -1.560794 -42.341309
v 42.146240 -1.951175 -42.341309
v 42.146240 -1.951172 -4.877930
v 35.902344 -1.951173 -11.121826
v 17.170654 -1.951173 -11.121826
v 35.511963 1.158443 -54.438965
v 29.658447 1.170649 -61.072998
v 42.146240 -1.951173 -14.243896
v 43.707275 -1.560792 -14.243896
v 17.170654 -1.951173 -18.146240
v 28.302834 1.158443 -54.438965
v 43.707275 -1.560791 -4.877930
v 35.902344 -1.951173 -18.146240
v 48.390137 -0.390139 -28.292480
v 42.146240 1.170649 -61.072998
v 42.145996 1.170650 -54.829102
v 35.511963 1.170649 -61.072998
v 43.707275 1.560786 -61.072998
v 48.390137 -0.390140 -42.341309
v 43.707275 -1.560793 -28.292480
v 43.707275 -6.243896 7.609620
v 42.146240 -6.634033 7.609620
v -18.729626 1.170656 26.363810
v -28.877930 1.170654 20.097412
v -18.731689 1.951174 20.097412
v -18.731689 1.170656 29.463379
v -25.755859 1.170656 29.463379
v -29.658447 1.170656 19.316895
v -38.634033 1.170656 29.463379
v -29.658203 1.170654 17.365723
v -38.633789 1.170655 17.365723
v -29.268066 -1.951171 16.975586
v -29.268066 -1.951171 7.609619
v -39.024170 -1.951171 7.609619
v -32.780273 -1.158446 16.975586
v -32.780273 -1.951171 12.243896
v -39.024170 -1.951171 16.975586
v -49.951172 1.170656 29.463379
v -45.658447 1.170656 29.463379
v -49.951172 1.170656 25.951172
v -45.658447 1.170657 25.951172
v 17.951172 -4.877934 -42.341309
v 29.658447 -1.951175 -42.341309
v 29.658447 -1.658450 -44.682861
v 17.951172 -4.585227 -44.682865
v 17.170654 -5.073001 -42.341309
v 17.170654 -5.073002 -47.804688
v 3.902344 -5.073001 -42.341309
v 3.902344 -5.073002 -47.804688
v -1.560791 -5.073001 -36.097412
v -1.560791 -5.073000 -34.536377
v 7.036377 -5.073001 -36.097412
v 7.036377 -5.073000 -34.536377
v -7.804688 -5.073003 -36.097412
v -10.146240 -5.073001 -36.097412
v -7.804688 -5.073000 -33.755859
v -23.414551 -1.951176 -42.341064
v -26.536377 -1.950931 -42.341309
v -23.414551 -1.155100 -48.568016
v -26.536377 -1.154856 -48.568260
v -14.048584 -5.073001 -42.341309
v -14.048584 -3.876053 -51.703915
v -1.560791 -5.073002 -42.341309
v -1.560791 -3.876053 -51.703915
v -20.292480 -1.024175 -57.951172
v -37.463379 -1.951177 -42.341309
v -37.463379 -1.951175 -45.463379
v -46.829102 -1.951175 -42.341309
v -46.829102 -1.951174 -45.463379
v 43.707275 -6.243895 13.072998
v 43.707275 -6.243896 7.609620
v 42.146240 -6.634033 7.609050
v 42.146240 -6.634032 13.072999
v -28.097412 -1.951175 -36.097412
v -34.341431 -1.951175 -36.097412
v -29.658447 -1.951175 -31.414551
v -28.097412 -1.951175 -31.414551
v -34.341309 -1.951175 -26.731689
v -38.634033 -1.951175 -29.853516
v -37.463379 -1.951175 -28.682861
v -34.341309 -1.951174 -25.170654
v -37.463379 -1.951174 -25.170654
v -46.829102 -1.951175 -29.853516
v -46.829102 -1.951175 -36.097412
v -28.097412 -1.609623 -56.390137
v -30.524414 -1.951176 -56.390137
v -30.524414 -1.951176 -48.585205
v -28.097412 -1.951175 -45.536377
v -28.097412 -1.609623 -48.304688
v -30.524170 -1.951175 -45.536377
v -31.219482 -1.951175 -42.341309
v -28.097412 -1.951175 -42.341309
v -31.219482 -1.951176 -56.390137
v -7.804688 1.170657 35.707275
v -49.951172 1.170657 35.707031
v -49.951172 1.951175 38.829102
v -7.817139 1.951175 38.829102
v 1.560791 -0.390134 38.829102
v 1.560791 -0.780515 37.268066
v 3.121826 -1.560788 35.707275
v 0.000000 0.000003 38.829102
v 17.170654 -1.951170 29.463379
v -10.926758 -1.951170 29.463379
v 1.557861 -1.951173 -18.932861
v 10.926758 -1.951174 -25.170654
v 17.170654 -1.951174 -18.932861
v 10.926758 -1.951174 -29.853516
v 17.170654 -1.951174 -29.853516
v -1.560791 -1.951174 -25.170654
v -10.926758 -1.951171 7.609619
v 15.609375 -1.951173 -0.201172
v -1.560791 -1.951172 7.609619
v 17.170654 -1.951172 7.603516
v 1.557861 -1.951172 -0.201172
v 4.682861 -1.951170 29.463379
vn -0.2391 0.9562 0.1687
vn -0.2426 0.9701 -0.0000
vn -0.2387 0.9546 0.1782
vn -0.2408 0.9633 0.1187
vn -0.2405 0.9620 0.1292
vn -0.2407 0.9630 0.1209
vn -0.2409 0.9635 0.1164
vn -0.2425 0.9701 -0.0000
vn -0.2412 0.9647 0.1058
vn -0.2424 0.9702 -0.0000
vn -0.0000 1.0000 0.0018
vn -0.0103 0.9999 0.0010
vn -0.0076 1.0000 0.0014
vn -0.2279 0.9117 0.3419
vn -0.0108 0.9998 0.0175
vn -0.0248 0.9989 0.0401
vn -0.0761 0.9895 0.1233
vn -0.0000 1.0000 -0.0000
vn -0.1242 0.9786 -0.1640
vn -0.2408 0.9631 0.1204
vn 0.6445 0.7587 0.0948
vn 0.5842 0.8053 0.1007
vn 0.0001 0.9919 0.1268
vn 0.3139 0.9418 0.1204
vn -0.0000 0.9919 0.1268
vn 0.3131 0.9425 0.1173
vn -0.1586 0.6344 -0.7565
vn -0.2425 0.9702 -0.0000
vn -0.1157 0.4628 -0.8789
vn -0.0000 0.9981 0.0613
vn -0.1078 0.9938 0.0281
vn -0.0161 0.9997 0.0167
vn -0.0698 0.9976 -0.0000
vn -0.1394 0.9902 -0.0000
vn 0.2357 0.9428 -0.2358
vn -0.0000 0.9701 -0.2425
vn 0.1161 0.9636 -0.2407
vn 0.1211 0.9631 -0.2406
vn 0.2356 0.9429 -0.2353
vn 0.0003 1.0000 -0.0009
vn -0.0006 1.0000 -0.0005
vn -0.0010 1.0000 -0.0012
s 1
usemtl sand
f 3278//723 3275//724 3274//724 3269//725
f 3267//726 3266//727 3282//728 3268//729
f 3275//724 3267//726 3268//729 3274//724
f 3280//730 3285//731 3267//726 3286//730
f 3284//732 3281//732 3282//728 3266//727
f 3267//726 3285//731 3266//727
f 3273//733 3277//733 3272//734 3283//735
f 3287//736 3278//723 3269//725 3288//736
f 3290//737 3289//738 3291//739
f 3289//738 3290//737 3293//740 3292//740
f 3290//737 3294//740 3295//740
f 3293//740 3290//737 3295//740
f 3295//740 3294//740 3296//740 3297//740
f 3298//740 3299//740 3300//740 3303//740
f 3301//741 3302//741 3303//741
s 0
f 3304//740 3305//740 3307//740 3306//740
s 1
f 3271//740 3270//740 3279//740 3276//740
f 3310//742 3311//743 3308//744 3309//742
f 3312//740 3313//740 3315//740 3314//740
s 0
f 3316//740 3317//740 3319//740 3318//740
f 3321//740 3322//740 3320//740
f 3323//745 3325//745 3326//745 3324//745
f 3325//746 3323//746 3327//746 3328//746
f 3328//747 3327//747 3329//747 3330//747
f 3325//748 3328//748 3331//748
f 3332//740 3333//740 3335//740 3334//740
s 1
f 3336//749 3337//750 3338//750 3339//751
s 0
f 3346//740 3344//740 3342//740
f 3343//740 3340//740 3342//740
f 3340//740 3341//740 3342//740
f 3344//740 3346//740 3348//740 3347//740
f 3342//740 3341//740 3346//740
f 3341//740 3350//740 3349//740 3345//740
f 3345//740 3346//740 3341//740
s 1
f 3354//752 3355//753 3356//754
f 3356//754 3355//753 3353//755
f 3355//753 3351//756 3352//755 3353//755
f 3358//740 3354//752 3356//754 3357//740
f 3359//740 3357//740 3356//754 3353//755
f 3353//755 3352//755 3359//740
f 3364//757 3365//757 3367//757
f 3361//758 3362//758 3363//759 3360//760
f 3366//761 3360//760 3363//759 3367//761
s 0
f 3372//740 3374//740 3371//740
f 3374//740 3373//740 3371//740
f 3370//740 3371//740 3375//740
s 1
f 3378//740 3369//762 3381//763
f 3380//740 3378//740 3379//740
s 0
f 3370//740 3372//740 3371//740
s 1
f 3379//740 3377//740 3380//740
f 3378//740 3376//740 3369//762
s 0
f 3380//740 3370//740 3375//740
f 3380//740 3375//740 3378//740
s 1
f 3368//764 3379//740 3381//763
f 3379//740 3378//740 3381//763
o main.002
v 22.634033 -1.951170 27.902344
v 17.951172 -1.951170 27.902344
v 22.634033 1.951174 27.902344
v 17.951172 1.951174 27.902344
v 41.365723 1.170649 -66.341309
v 36.682861 1.170649 -66.341309
v 41.365723 5.072993 -66.341309
v 36.682861 5.072992 -66.341309
vn -0.0000 -0.0000 -1.0000
vn -0.0000 -0.0000 1.0000
s 0
usemtl gorea
f 3382//765 3383//765 3385//765 3384//765
f 3386//766 3388//766 3389//766 3387//766
